-- phpMyAdmin SQL Dump
-- version 4.4.15
-- http://www.phpmyadmin.net
--
-- Host: 127.0.0.1
-- Generation Time: 2017-12-07 18:10:29
-- 服务器版本： 10.1.8-MariaDB
-- PHP Version: 5.6.14

SET SQL_MODE = "NO_AUTO_VALUE_ON_ZERO";
SET time_zone = "+00:00";


/*!40101 SET @OLD_CHARACTER_SET_CLIENT=@@CHARACTER_SET_CLIENT */;
/*!40101 SET @OLD_CHARACTER_SET_RESULTS=@@CHARACTER_SET_RESULTS */;
/*!40101 SET @OLD_COLLATION_CONNECTION=@@COLLATION_CONNECTION */;
/*!40101 SET NAMES utf8mb4 */;

--
-- Database: `admin`
--

-- --------------------------------------------------------

--
-- 表的结构 `ke_admin`
--

CREATE TABLE IF NOT EXISTS `ke_admin` (
  `id` int(11) NOT NULL,
  `user` varchar(20) COLLATE utf8_unicode_ci NOT NULL DEFAULT '',
  `pass` varchar(32) COLLATE utf8_unicode_ci NOT NULL DEFAULT '',
  `private` varchar(10) COLLATE utf8_unicode_ci NOT NULL DEFAULT '',
  `token` varchar(32) COLLATE utf8_unicode_ci NOT NULL DEFAULT '',
  `group_id` int(11) NOT NULL DEFAULT '0',
  `create_time` int(11) NOT NULL DEFAULT '0',
  `update_time` int(11) NOT NULL DEFAULT '0'
) ENGINE=MyISAM AUTO_INCREMENT=105 DEFAULT CHARSET=utf8 COLLATE=utf8_unicode_ci;

--
-- 转存表中的数据 `ke_admin`
--

INSERT INTO `ke_admin` (`id`, `user`, `pass`, `private`, `token`, `group_id`, `create_time`, `update_time`) VALUES
(1, 'admin', '3718f0c9dff9225fed36c7038453d1c9', 'ewh5ixpeu6', '69a2c09114fa81222348bb9b5233eadf', 4, 1512359668, 1512641423),
(2, 'wdaglb', 'fa0c9b4d94cb1c15a019de4e6ae3944a', 'uheqhx9zc8', '', 4, 0, 0),
(3, 'admins', '14f0aead929248e2947f13911952e186', '8qzmmsuuuz', '', 4, 0, 1512565097),
(5, 'admin0', 'a', '', '', 5, 1512567061, 0),
(6, 'admin1', 'a', '', '', 5, 1512567061, 0),
(7, 'admin2', 'a', '', '', 5, 1512567061, 0),
(8, 'admin3', 'a', '', '', 5, 1512567061, 0),
(9, 'admin4', 'a', '', '', 5, 1512567061, 0),
(10, 'admin5', 'a', '', '', 5, 1512567061, 0),
(11, 'admin6', 'a', '', '', 5, 1512567061, 0),
(12, 'admin7', 'a', '', '', 5, 1512567061, 0),
(13, 'admin8', 'a', '', '', 5, 1512567061, 0),
(14, 'admin9', 'a', '', '', 5, 1512567061, 0),
(15, 'admin10', 'a', '', '', 5, 1512567061, 0),
(16, 'admin11', 'a', '', '', 5, 1512567061, 0),
(17, 'admin12', 'a', '', '', 5, 1512567061, 0),
(18, 'admin13', 'a', '', '', 5, 1512567061, 0),
(19, 'admin14', 'a', '', '', 5, 1512567061, 0),
(20, 'admin15', 'a', '', '', 5, 1512567061, 0),
(21, 'admin16', 'a', '', '', 5, 1512567061, 0),
(22, 'admin17', 'a', '', '', 5, 1512567061, 0),
(23, 'admin18', 'a', '', '', 5, 1512567061, 0),
(24, 'admin19', 'a', '', '', 5, 1512567061, 0),
(25, 'admin20', 'a', '', '', 5, 1512567061, 0),
(26, 'admin21', 'a', '', '', 5, 1512567061, 0),
(27, 'admin22', 'a', '', '', 5, 1512567061, 0),
(28, 'admin23', 'a', '', '', 5, 1512567061, 0),
(29, 'admin24', 'a', '', '', 5, 1512567061, 0),
(30, 'admin25', 'a', '', '', 5, 1512567061, 0),
(31, 'admin26', 'a', '', '', 5, 1512567061, 0),
(32, 'admin27', 'a', '', '', 5, 1512567061, 0),
(33, 'admin28', 'a', '', '', 5, 1512567061, 0),
(34, 'admin29', 'a', '', '', 5, 1512567061, 0),
(35, 'admin30', 'a', '', '', 5, 1512567061, 0),
(36, 'admin31', 'a', '', '', 5, 1512567061, 0),
(37, 'admin32', 'a', '', '', 5, 1512567061, 0),
(38, 'admin33', 'a', '', '', 5, 1512567061, 0),
(39, 'admin34', 'a', '', '', 5, 1512567061, 0),
(40, 'admin35', 'a', '', '', 5, 1512567061, 0),
(41, 'admin36', 'a', '', '', 5, 1512567061, 0),
(42, 'admin37', 'a', '', '', 5, 1512567061, 0),
(43, 'admin38', 'a', '', '', 5, 1512567061, 0),
(44, 'admin39', 'a', '', '', 5, 1512567061, 0),
(45, 'admin40', 'a', '', '', 5, 1512567061, 0),
(46, 'admin41', 'a', '', '', 5, 1512567061, 0),
(47, 'admin42', 'a', '', '', 5, 1512567061, 0),
(48, 'admin43', 'a', '', '', 5, 1512567061, 0),
(49, 'admin44', 'a', '', '', 5, 1512567061, 0),
(50, 'admin45', 'a', '', '', 5, 1512567061, 0),
(51, 'admin46', 'a', '', '', 5, 1512567061, 0),
(52, 'admin47', 'a', '', '', 5, 1512567061, 0),
(53, 'admin48', 'a', '', '', 5, 1512567061, 0),
(54, 'admin49', 'a', '', '', 5, 1512567061, 0),
(55, 'admin50', 'a', '', '', 5, 1512567061, 0),
(56, 'admin51', 'a', '', '', 5, 1512567061, 0),
(57, 'admin52', 'a', '', '', 5, 1512567061, 0),
(58, 'admin53', 'a', '', '', 5, 1512567061, 0),
(59, 'admin54', 'a', '', '', 5, 1512567061, 0),
(60, 'admin55', 'a', '', '', 5, 1512567061, 0),
(61, 'admin56', 'a', '', '', 5, 1512567061, 0),
(62, 'admin57', 'a', '', '', 5, 1512567061, 0),
(63, 'admin58', 'a', '', '', 5, 1512567061, 0),
(64, 'admin59', 'a', '', '', 5, 1512567061, 0),
(65, 'admin60', 'a', '', '', 5, 1512567061, 0),
(66, 'admin61', 'a', '', '', 5, 1512567061, 0),
(67, 'admin62', 'a', '', '', 5, 1512567061, 0),
(68, 'admin63', 'a', '', '', 5, 1512567061, 0),
(69, 'admin64', 'a', '', '', 5, 1512567061, 0),
(70, 'admin65', 'a', '', '', 5, 1512567061, 0),
(71, 'admin66', 'a', '', '', 5, 1512567061, 0),
(72, 'admin67', 'a', '', '', 5, 1512567061, 0),
(73, 'admin68', 'a', '', '', 5, 1512567061, 0),
(74, 'admin69', 'a', '', '', 5, 1512567061, 0),
(75, 'admin70', 'a', '', '', 5, 1512567061, 0),
(76, 'admin71', 'a', '', '', 5, 1512567061, 0),
(77, 'admin72', 'a', '', '', 5, 1512567061, 0),
(78, 'admin73', 'a', '', '', 5, 1512567061, 0),
(79, 'admin74', 'a', '', '', 5, 1512567061, 0),
(80, 'admin75', 'a', '', '', 5, 1512567061, 0),
(81, 'admin76', 'a', '', '', 5, 1512567061, 0),
(82, 'admin77', 'a', '', '', 5, 1512567061, 0),
(83, 'admin78', 'a', '', '', 5, 1512567061, 0),
(84, 'admin79', 'a', '', '', 5, 1512567061, 0),
(85, 'admin80', 'a', '', '', 5, 1512567061, 0),
(86, 'admin81', 'a', '', '', 5, 1512567061, 0),
(87, 'admin82', 'a', '', '', 5, 1512567061, 0),
(88, 'admin83', 'a', '', '', 5, 1512567061, 0),
(89, 'admin84', 'a', '', '', 5, 1512567061, 0),
(90, 'admin85', 'a', '', '', 5, 1512567061, 0),
(91, 'admin86', 'a', '', '', 5, 1512567061, 0),
(92, 'admin87', 'a', '', '', 5, 1512567061, 0),
(93, 'admin88', 'a', '', '', 5, 1512567061, 0),
(94, 'admin89', 'a', '', '', 5, 1512567061, 0),
(95, 'admin90', 'a', '', '', 5, 1512567061, 0),
(96, 'admin91', 'a', '', '', 5, 1512567061, 0),
(97, 'admin92', 'a', '', '', 5, 1512567061, 0),
(98, 'admin93', 'a', '', '', 5, 1512567061, 0),
(99, 'admin94', 'a', '', '', 5, 1512567061, 0),
(100, 'admin95', 'a', '', '', 5, 1512567061, 0),
(101, 'admin96', 'a', '', '', 5, 1512567061, 0),
(102, 'admin97', 'a', '', '', 5, 1512567061, 0),
(103, 'admin98', 'a', '', '', 5, 1512567061, 0),
(104, 'admin99', 'a', '', '', 5, 1512567061, 0);

-- --------------------------------------------------------

--
-- 表的结构 `ke_admin_group`
--

CREATE TABLE IF NOT EXISTS `ke_admin_group` (
  `id` int(11) NOT NULL,
  `parent_id` int(11) NOT NULL DEFAULT '0',
  `name` varchar(20) COLLATE utf8_unicode_ci NOT NULL DEFAULT '',
  `content` varchar(255) COLLATE utf8_unicode_ci NOT NULL DEFAULT '',
  `create_time` int(11) NOT NULL DEFAULT '0',
  `update_time` int(11) NOT NULL DEFAULT '0',
  `valid` tinyint(1) NOT NULL DEFAULT '0'
) ENGINE=MyISAM AUTO_INCREMENT=11 DEFAULT CHARSET=utf8 COLLATE=utf8_unicode_ci;

--
-- 转存表中的数据 `ke_admin_group`
--

INSERT INTO `ke_admin_group` (`id`, `parent_id`, `name`, `content`, `create_time`, `update_time`, `valid`) VALUES
(1, 0, 'w', '', 0, 0, 0),
(2, 0, 'xs', '', 0, 0, 0),
(4, 0, 'qqqqqqqq', '', 1512446705, 1512446705, 0),
(5, 0, '测试', '', 1512538949, 1512538949, 0),
(6, 0, '测试w', '', 1512538974, 1512538974, 0),
(7, 0, 'qa', '', 1512539050, 1512539050, 0),
(8, 0, 'qar', '', 1512539099, 1512539099, 0),
(9, 0, 'q', '', 1512539373, 1512539373, 0),
(10, 6, 'qwe', '', 1512539408, 1512539408, 0);

-- --------------------------------------------------------

--
-- 表的结构 `ke_admin_log`
--

CREATE TABLE IF NOT EXISTS `ke_admin_log` (
  `id` varchar(32) COLLATE utf8_unicode_ci NOT NULL DEFAULT '',
  `desc` varchar(255) COLLATE utf8_unicode_ci NOT NULL DEFAULT '',
  `user_id` int(11) NOT NULL DEFAULT '0',
  `create_time` int(11) NOT NULL DEFAULT '0'
) ENGINE=MyISAM DEFAULT CHARSET=utf8 COLLATE=utf8_unicode_ci;

--
-- 转存表中的数据 `ke_admin_log`
--

INSERT INTO `ke_admin_log` (`id`, `desc`, `user_id`, `create_time`) VALUES
('5a289c3deb940094117893570', 'log_0', 1, 1512610877),
('5a289c3dec8e0094117337790', 'log_1', 1, 1512610877),
('5a289c3dec8e0094117280070', 'log_2', 1, 1512610877),
('5a289c3dec8e0094117820550', 'log_3', 1, 1512610877),
('5a289c3dec8e0094117146510', 'log_4', 1, 1512610877),
('5a289c3deccc8094117162370', 'log_5', 1, 1512610877),
('5a289c3deccc8094117125380', 'log_6', 1, 1512610877),
('5a289c3deccc8094117670330', 'log_7', 1, 1512610877),
('5a289c3deccc8094117876400', 'log_8', 1, 1512610877),
('5a289c3ded0b0094117883220', 'log_9', 1, 1512610877),
('5a289c3ded0b0094117694660', 'log_10', 1, 1512610877),
('5a289c3ded0b0094117236640', 'log_11', 1, 1512610877),
('5a289c3ded0b0094117899780', 'log_12', 1, 1512610877),
('5a289c3ded498094117262470', 'log_13', 1, 1512610877),
('5a289c3ded498094117792190', 'log_14', 1, 1512610877),
('5a289c3ded498094117196550', 'log_15', 1, 1512610877),
('5a289c3ded498094117747760', 'log_16', 1, 1512610877),
('5a289c3ded880094117405700', 'log_17', 1, 1512610877),
('5a289c3ded880094117330960', 'log_18', 1, 1512610877),
('5a289c3ded880094117805470', 'log_19', 1, 1512610877),
('5a289c3ded880094117481760', 'log_20', 1, 1512610877),
('5a289c3dedc68094117778420', 'log_21', 1, 1512610877),
('5a289c3dedc68094117158690', 'log_22', 1, 1512610877),
('5a289c3dedc68094117655240', 'log_23', 1, 1512610877),
('5a289c3dedc68094117749140', 'log_24', 1, 1512610877),
('5a289c3dee050094117335800', 'log_25', 1, 1512610877),
('5a289c3dee050094117724530', 'log_26', 1, 1512610877),
('5a289c3dee050094117997370', 'log_27', 1, 1512610877),
('5a289c3dee050094117550070', 'log_28', 1, 1512610877),
('5a289c3dee438094117144740', 'log_29', 1, 1512610877),
('5a289c3dee438094117130600', 'log_30', 1, 1512610877),
('5a289c3dee438094117122870', 'log_31', 1, 1512610877),
('5a289c3dee438094117775430', 'log_32', 1, 1512610877),
('5a289c3dee820094117209270', 'log_33', 1, 1512610877),
('5a289c3dee820094117550390', 'log_34', 1, 1512610877),
('5a289c3dee820094117982040', 'log_35', 1, 1512610877),
('5a289c3deec08094117640930', 'log_36', 1, 1512610877),
('5a289c3deec08094117724500', 'log_37', 1, 1512610877),
('5a289c3deec08094117304600', 'log_38', 1, 1512610877),
('5a289c3deec08094117609000', 'log_39', 1, 1512610877),
('5a289c3deeff0094117880330', 'log_40', 1, 1512610877),
('5a289c3deeff0094117450800', 'log_41', 1, 1512610877),
('5a289c3deeff0094117944260', 'log_42', 1, 1512610877),
('5a289c3deeff0094117460730', 'log_43', 1, 1512610877),
('5a289c3deeff0094117739600', 'log_44', 1, 1512610877),
('5a289c3def3d8094117710000', 'log_45', 1, 1512610877),
('5a289c3def3d8094117933260', 'log_46', 1, 1512610877),
('5a289c3def3d8094117621700', 'log_47', 1, 1512610877),
('5a289c3def7c1094117125300', 'log_48', 1, 1512610877),
('5a289c3def7c1094117598090', 'log_49', 1, 1512610877),
('5a289c3def7c1094117998200', 'log_50', 1, 1512610877),
('5a289c3def7c1094117707420', 'log_51', 1, 1512610877),
('5a289c3defba9094117312200', 'log_52', 1, 1512610877),
('5a289c3defba9094117476230', 'log_53', 1, 1512610877),
('5a289c3defba9094117349790', 'log_54', 1, 1512610877),
('5a289c3defba9094117569600', 'log_55', 1, 1512610877),
('5a289c3deff91094117807860', 'log_56', 1, 1512610877),
('5a289c3deff91094117762270', 'log_57', 1, 1512610877),
('5a289c3deff91094117181200', 'log_58', 1, 1512610877),
('5a289c3deff91094117788460', 'log_59', 1, 1512610877),
('5a289c3df0379094117165000', 'log_60', 1, 1512610877),
('5a289c3df0379094117329330', 'log_61', 1, 1512610877),
('5a289c3df0379094117626710', 'log_62', 1, 1512610877),
('5a289c3df0379094117638590', 'log_63', 1, 1512610877),
('5a289c3df0761094117390520', 'log_64', 1, 1512610877),
('5a289c3df0761094117269190', 'log_65', 1, 1512610877),
('5a289c3df0761094117961910', 'log_66', 1, 1512610877),
('5a289c3df0761094117461760', 'log_67', 1, 1512610877),
('5a289c3df0b49094117480520', 'log_68', 1, 1512610877),
('5a289c3df0b49094117452140', 'log_69', 1, 1512610877),
('5a289c3df0b49094117408950', 'log_70', 1, 1512610877),
('5a289c3df0b49094117660100', 'log_71', 1, 1512610877),
('5a289c3df0f31094117626200', 'log_72', 1, 1512610877),
('5a289c3df0f31094117372280', 'log_73', 1, 1512610877),
('5a289c3df0f31094117289300', 'log_74', 1, 1512610877),
('5a289c3df0f31094117849200', 'log_75', 1, 1512610877),
('5a289c3df0f31094117332670', 'log_76', 1, 1512610877),
('5a289c3df1319094117618900', 'log_77', 1, 1512610877),
('5a289c3df1319094117532830', 'log_78', 1, 1512610877),
('5a289c3df1319094117529400', 'log_79', 1, 1512610877),
('5a289c3df1319094117990640', 'log_80', 1, 1512610877),
('5a289c3df1701094117710130', 'log_81', 1, 1512610877),
('5a289c3df1701094117403950', 'log_82', 1, 1512610877),
('5a289c3df1701094117269610', 'log_83', 1, 1512610877),
('5a289c3df1701094117488110', 'log_84', 1, 1512610877),
('5a289c3df1ae9094117404730', 'log_85', 1, 1512610877),
('5a289c3df1ae9094117480500', 'log_86', 1, 1512610877),
('5a289c3df1ae9094117905400', 'log_87', 1, 1512610877),
('5a289c3df1ae9094117935620', 'log_88', 1, 1512610877),
('5a289c3df1ae9094117431370', 'log_89', 1, 1512610877),
('5a289c3df1ed1094117679600', 'log_90', 1, 1512610877),
('5a289c3df1ed1094117107560', 'log_91', 1, 1512610877),
('5a289c3df1ed1094117922090', 'log_92', 1, 1512610877),
('5a289c3df1ed1094117644340', 'log_93', 1, 1512610877),
('5a289c3df1ed1094117358230', 'log_94', 1, 1512610877),
('5a289c3df22b9094117858100', 'log_95', 1, 1512610877),
('5a289c3df22b9094117524700', 'log_96', 1, 1512610877),
('5a289c3df22b9094117568750', 'log_97', 1, 1512610877),
('5a289c3df22b9094117162560', 'log_98', 1, 1512610877),
('5a289c3df26a1094117192280', 'log_99', 1, 1512610877),
('5a289c3e55ece094118171620', 'log_0', 1, 1512610878),
('5a289c3e5763e094118508200', 'log_1', 1, 1512610878),
('5a289c3e5763e094118118930', 'log_2', 1, 1512610878),
('5a289c3e57a26094118478480', 'log_3', 1, 1512610878),
('5a289c3e57e0e094118697930', 'log_4', 1, 1512610878),
('5a289c3e57e0e094118494500', 'log_5', 1, 1512610878),
('5a289c3e581f6094118719240', 'log_6', 1, 1512610878),
('5a289c3e581f6094118761340', 'log_7', 1, 1512610878),
('5a289c3e585de094118594410', 'log_8', 1, 1512610878),
('5a289c3e585de094118449450', 'log_9', 1, 1512610878),
('5a289c3e585de094118505280', 'log_10', 1, 1512610878),
('5a289c3e585de094118367150', 'log_11', 1, 1512610878),
('5a289c3e589c6094118315930', 'log_12', 1, 1512610878),
('5a289c3e589c6094118618050', 'log_13', 1, 1512610878),
('5a289c3e589c6094118149890', 'log_14', 1, 1512610878),
('5a289c3e589c6094118314770', 'log_15', 1, 1512610878),
('5a289c3e58dae094118571760', 'log_16', 1, 1512610878),
('5a289c3e58dae094118192540', 'log_17', 1, 1512610878),
('5a289c3e58dae094118780580', 'log_18', 1, 1512610878),
('5a289c3e58dae094118301520', 'log_19', 1, 1512610878),
('5a289c3e58dae094118286370', 'log_20', 1, 1512610878),
('5a289c3e59196094118741500', 'log_21', 1, 1512610878),
('5a289c3e59196094118793450', 'log_22', 1, 1512610878),
('5a289c3e59196094118703200', 'log_23', 1, 1512610878),
('5a289c3e59196094118970320', 'log_24', 1, 1512610878),
('5a289c3e59196094118327900', 'log_25', 1, 1512610878),
('5a289c3e5957f094118355610', 'log_26', 1, 1512610878),
('5a289c3e5957f094118768880', 'log_27', 1, 1512610878),
('5a289c3e5957f094118450790', 'log_28', 1, 1512610878),
('5a289c3e5957f094118903350', 'log_29', 1, 1512610878),
('5a289c3e59967094118349220', 'log_30', 1, 1512610878),
('5a289c3e59967094118675130', 'log_31', 1, 1512610878),
('5a289c3e59d4f094118344520', 'log_32', 1, 1512610878),
('5a289c3e5a137094118171600', 'log_33', 1, 1512610878),
('5a289c3e5a51f094118845500', 'log_34', 1, 1512610878),
('5a289c3e5a51f094118827610', 'log_35', 1, 1512610878),
('5a289c3e5a907094118468320', 'log_36', 1, 1512610878),
('5a289c3e5a907094118530120', 'log_37', 1, 1512610878),
('5a289c3e5acef094118647510', 'log_38', 1, 1512610878),
('5a289c3e5acef094118492360', 'log_39', 1, 1512610878),
('5a289c3e5acef094118324080', 'log_40', 1, 1512610878),
('5a289c3e5b0d7094118775470', 'log_41', 1, 1512610878),
('5a289c3e5b0d7094118198140', 'log_42', 1, 1512610878),
('5a289c3e5b0d7094118924330', 'log_43', 1, 1512610878),
('5a289c3e5b0d7094118922790', 'log_44', 1, 1512610878),
('5a289c3e5b4bf094118789890', 'log_45', 1, 1512610878),
('5a289c3e5b4bf094118488780', 'log_46', 1, 1512610878),
('5a289c3e5b4bf094118951430', 'log_47', 1, 1512610878),
('5a289c3e5b4bf094118777130', 'log_48', 1, 1512610878),
('5a289c3e5b4bf094118576100', 'log_49', 1, 1512610878),
('5a289c3e5b8a7094118380410', 'log_50', 1, 1512610878),
('5a289c3e5b8a7094118748720', 'log_51', 1, 1512610878),
('5a289c3e5b8a7094118444430', 'log_52', 1, 1512610878),
('5a289c3e5b8a7094118553140', 'log_53', 1, 1512610878),
('5a289c3e5b8a7094118649700', 'log_54', 1, 1512610878),
('5a289c3e5bc8f094118616440', 'log_55', 1, 1512610878),
('5a289c3e5bc8f094118548150', 'log_56', 1, 1512610878),
('5a289c3e5bc8f094118965970', 'log_57', 1, 1512610878),
('5a289c3e5bc8f094118972120', 'log_58', 1, 1512610878),
('5a289c3e5bc8f094118100950', 'log_59', 1, 1512610878),
('5a289c3e5c077094118478330', 'log_60', 1, 1512610878),
('5a289c3e5c077094118102200', 'log_61', 1, 1512610878),
('5a289c3e5c077094118603850', 'log_62', 1, 1512610878),
('5a289c3e5c077094118518430', 'log_63', 1, 1512610878),
('5a289c3e5c077094118822050', 'log_64', 1, 1512610878),
('5a289c3e5c45f094118670240', 'log_65', 1, 1512610878),
('5a289c3e5c45f094118673530', 'log_66', 1, 1512610878),
('5a289c3e5c45f094118799680', 'log_67', 1, 1512610878),
('5a289c3e5c45f094118235980', 'log_68', 1, 1512610878),
('5a289c3e5c45f094118716670', 'log_69', 1, 1512610878),
('5a289c3e5c847094118427730', 'log_70', 1, 1512610878),
('5a289c3e5c847094118209140', 'log_71', 1, 1512610878),
('5a289c3e5c847094118411250', 'log_72', 1, 1512610878),
('5a289c3e5c847094118590700', 'log_73', 1, 1512610878),
('5a289c3e5c847094118489070', 'log_74', 1, 1512610878),
('5a289c3e5cc2f094118508600', 'log_75', 1, 1512610878),
('5a289c3e5cc2f094118749400', 'log_76', 1, 1512610878),
('5a289c3e5cc2f094118973490', 'log_77', 1, 1512610878),
('5a289c3e5d3ff094118617880', 'log_78', 1, 1512610878),
('5a289c3e5d7e8094118759500', 'log_79', 1, 1512610878),
('5a289c3e5d7e8094118262260', 'log_80', 1, 1512610878),
('5a289c3e5dbd0094118380210', 'log_81', 1, 1512610878),
('5a289c3e5dbd0094118733200', 'log_82', 1, 1512610878),
('5a289c3e5dfb8094118685560', 'log_83', 1, 1512610878),
('5a289c3e5dfb8094118556500', 'log_84', 1, 1512610878),
('5a289c3e5e3a0094118915780', 'log_85', 1, 1512610878),
('5a289c3e5e3a0094118426600', 'log_86', 1, 1512610878),
('5a289c3e5e788094118180230', 'log_87', 1, 1512610878),
('5a289c3e5e788094118940390', 'log_88', 1, 1512610878),
('5a289c3e5e788094118251870', 'log_89', 1, 1512610878),
('5a289c3e5e788094118791700', 'log_90', 1, 1512610878),
('5a289c3e5eb70094118647800', 'log_91', 1, 1512610878),
('5a289c3e5eb70094118246110', 'log_92', 1, 1512610878),
('5a289c3e5eb70094118890800', 'log_93', 1, 1512610878),
('5a289c3e5eb70094118820510', 'log_94', 1, 1512610878),
('5a289c3e5eb70094118224910', 'log_95', 1, 1512610878),
('5a289c3e5ef58094118212200', 'log_96', 1, 1512610878),
('5a289c3e5ef58094118900000', 'log_97', 1, 1512610878),
('5a289c3e5ef58094118684080', 'log_98', 1, 1512610878),
('5a289c3e5ef58094118696960', 'log_99', 1, 1512610878),
('5a28a96d93bf3103733975870', '删除角色ID：6', 1, 1512614253),
('5a28b3b393242112123210300', '修改站点设置', 1, 1512616883),
('5a28b451ac8ad112401810990', '设置角色ID：4', 1, 1512617041),
('5a28bd0206d35120105667000', '修改站点设置', 1, 1512619265),
('5a28c97d7a0a5125421704120', '设置角色ID：4', 1, 1512622461),
('5a28cdb6c7a98131222383190', '设置角色ID：4', 1, 1512623542),
('5a28d4a3bd438134155338670', '登录系统', 1, 1512625315),
('5a28d4da03fc6134249129180', '设置角色ID：4', 1, 1512625369),
('5a28eecd42862153333861540', '登录系统', 1, 1512632013),
('5a28efca7b09e153746999510', '设置角色ID：4', 1, 1512632266),
('5a28f105d5de4154301232500', '设置角色ID：4', 1, 1512632581),
('5a28f204209ab154716846110', '设置角色ID：4', 1, 1512632836);

-- --------------------------------------------------------

--
-- 表的结构 `ke_admin_role`
--

CREATE TABLE IF NOT EXISTS `ke_admin_role` (
  `id` int(11) NOT NULL,
  `group_id` int(11) NOT NULL DEFAULT '0',
  `name` varchar(20) COLLATE utf8_unicode_ci NOT NULL DEFAULT '',
  `content` varchar(255) COLLATE utf8_unicode_ci NOT NULL DEFAULT ''
) ENGINE=MyISAM AUTO_INCREMENT=8 DEFAULT CHARSET=utf8 COLLATE=utf8_unicode_ci;

--
-- 转存表中的数据 `ke_admin_role`
--

INSERT INTO `ke_admin_role` (`id`, `group_id`, `name`, `content`) VALUES
(4, 0, '管理员', ''),
(5, 0, '15', ''),
(7, 1, '50', '');

-- --------------------------------------------------------

--
-- 表的结构 `ke_admin_rule`
--

CREATE TABLE IF NOT EXISTS `ke_admin_rule` (
  `id` int(11) NOT NULL,
  `parent_id` int(11) NOT NULL DEFAULT '0',
  `name` varchar(20) COLLATE utf8_unicode_ci NOT NULL DEFAULT '' COMMENT '绑定URL',
  `title` varchar(50) COLLATE utf8_unicode_ci NOT NULL DEFAULT '' COMMENT '规则中文名',
  `controller` varchar(20) COLLATE utf8_unicode_ci NOT NULL DEFAULT '' COMMENT '规则'
) ENGINE=MyISAM AUTO_INCREMENT=9 DEFAULT CHARSET=utf8 COLLATE=utf8_unicode_ci;

--
-- 转存表中的数据 `ke_admin_rule`
--

INSERT INTO `ke_admin_rule` (`id`, `parent_id`, `name`, `title`, `controller`) VALUES
(1, 0, 'sys', '系统', 'sys'),
(2, 1, 'setting/system', '系统设置', 'setting/system'),
(3, 1, 'auth.group/lists', '权限设置', 'auth.group/*'),
(4, 1, 'auth.manage/lists', '管理员管理', 'auth.manage/*'),
(5, 1, 'auth.log/lists', '日志管理', 'auth.log/*'),
(6, 0, 'user', '会员', 'user'),
(7, 6, 'user.group/lists', '用户组管理', 'user.group/*'),
(8, 6, 'user/lists', '会员管理', 'user/*');

-- --------------------------------------------------------

--
-- 表的结构 `ke_admin_rule_access`
--

CREATE TABLE IF NOT EXISTS `ke_admin_rule_access` (
  `role_id` int(11) NOT NULL DEFAULT '0',
  `rule_id` int(11) NOT NULL DEFAULT '0'
) ENGINE=MyISAM DEFAULT CHARSET=utf8 COLLATE=utf8_unicode_ci;

--
-- 转存表中的数据 `ke_admin_rule_access`
--

INSERT INTO `ke_admin_rule_access` (`role_id`, `rule_id`) VALUES
(1, 1),
(1, 2),
(1, 3),
(1, 4),
(1, 5),
(4, 7),
(4, 6),
(4, 5),
(4, 4),
(4, 3),
(4, 2),
(4, 1),
(4, 8);

-- --------------------------------------------------------

--
-- 表的结构 `ke_site`
--

CREATE TABLE IF NOT EXISTS `ke_site` (
  `id` int(11) NOT NULL,
  `use` tinyint(1) NOT NULL DEFAULT '0',
  `status` tinyint(2) NOT NULL DEFAULT '0' COMMENT '站点状态',
  `title` varchar(50) COLLATE utf8_unicode_ci NOT NULL DEFAULT '' COMMENT '站点标题',
  `keywords` varchar(255) COLLATE utf8_unicode_ci NOT NULL DEFAULT '',
  `description` varchar(255) COLLATE utf8_unicode_ci NOT NULL DEFAULT '',
  `closedesc` varchar(255) COLLATE utf8_unicode_ci NOT NULL DEFAULT ''
) ENGINE=MyISAM AUTO_INCREMENT=2 DEFAULT CHARSET=utf8 COLLATE=utf8_unicode_ci;

--
-- 转存表中的数据 `ke_site`
--

INSERT INTO `ke_site` (`id`, `use`, `status`, `title`, `keywords`, `description`, `closedesc`) VALUES
(1, 1, 0, '默认站点', '', '', 'w');

-- --------------------------------------------------------

--
-- 表的结构 `ke_users`
--

CREATE TABLE IF NOT EXISTS `ke_users` (
  `id` varchar(32) COLLATE utf8_unicode_ci NOT NULL DEFAULT '',
  `user` varchar(20) COLLATE utf8_unicode_ci NOT NULL DEFAULT '' COMMENT '账号',
  `pass` varchar(32) COLLATE utf8_unicode_ci NOT NULL DEFAULT '' COMMENT '密码',
  `private` varchar(10) COLLATE utf8_unicode_ci NOT NULL DEFAULT '',
  `token` varchar(32) COLLATE utf8_unicode_ci NOT NULL DEFAULT '',
  `nick` varchar(20) COLLATE utf8_unicode_ci NOT NULL DEFAULT '' COMMENT '昵称',
  `group_id` int(11) NOT NULL DEFAULT '0' COMMENT '用户组',
  `sex` tinyint(1) NOT NULL DEFAULT '0' COMMENT '性别',
  `age` tinyint(2) NOT NULL DEFAULT '0' COMMENT '年龄',
  `money` decimal(10,2) NOT NULL DEFAULT '0.00' COMMENT '金额',
  `status` tinyint(2) NOT NULL DEFAULT '0' COMMENT '状态值',
  `create_time` int(11) NOT NULL DEFAULT '0',
  `update_time` int(11) NOT NULL DEFAULT '0',
  `integral` int(11) NOT NULL DEFAULT '0' COMMENT '积分',
  `headimg` varchar(255) COLLATE utf8_unicode_ci NOT NULL DEFAULT '' COMMENT '头像'
) ENGINE=MyISAM DEFAULT CHARSET=utf8 COLLATE=utf8_unicode_ci;

--
-- 转存表中的数据 `ke_users`
--

INSERT INTO `ke_users` (`id`, `user`, `pass`, `private`, `token`, `nick`, `group_id`, `sex`, `age`, `money`, `status`, `create_time`, `update_time`, `integral`, `headimg`) VALUES
('A151263726925119287', 'user1', 'ca6c425ccd74f10232b4f32c7bb4e358', 'w5s3d0ci33', '', 'nick1', 1, 0, 39, '0.00', 0, 1512637269, 0, 4107, ''),
('A151263726975336010', 'user2', '2e8de01d9c19396e1bbcc99d5c65dfb4', 'f7huzzncm', '', 'nick2', 1, 0, 17, '0.00', 0, 1512637269, 0, 559, ''),
('A151263726923679529', 'user3', 'f50680885e31b2c686f6a5fdd9ccdb8e', '38nu313brh', '', 'nick3', 1, 0, 95, '0.00', 0, 1512637269, 0, 3215, ''),
('A151263726955700688', 'user4', 'd598b70d2ec061d6ced0d5fd770f72e2', 'ofofmig29y', '', 'nick4', 1, 0, 35, '0.00', 0, 1512637269, 0, 6514, ''),
('A151263726966807955', 'user5', '1d3fbd29f6450ae66b15fc9efeb6e378', 'w1q5ygevo', '', 'nick5', 1, 1, 22, '0.00', 0, 1512637269, 0, 5157, ''),
('A151263726910230150', 'user6', '70dcf9cc8a8830851e67cdfe6a4b5964', 'x74yo9ozv0', '', 'nick6', 1, 1, 72, '0.00', 0, 1512637269, 0, 426, ''),
('A151263726939563443', 'user7', 'f02555fe53f52277d6c7dbddfd0ab4e2', 'vzbmfkci84', '', 'nick7', 1, 0, 33, '0.00', 0, 1512637269, 0, 1944, ''),
('A151263726973044671', 'user8', '58d21af8c5deed39d1aaf6c7915adf6c', '32j092sm3', '', 'nick8', 1, 1, 24, '0.00', 0, 1512637269, 0, 4540, ''),
('A151263726919977356', 'user9', '40c6f4388964da02f5b99b748da4fdc8', 'iiu318wo3i', '', 'nick9', 1, 1, 98, '0.00', 0, 1512637269, 0, 4676, ''),
('A151263726923787770', 'user10', '883caf0a02ae5e3d5564dba33464d2ff', 'm658066tvk', '', 'nick10', 1, 1, 50, '0.00', 0, 1512637269, 0, 8384, ''),
('A151263726933907335', 'user11', '90431a44796cee78f77b14a903291706', 'w9imozu31x', '', 'nick11', 1, 1, 81, '0.00', 0, 1512637269, 0, 3727, ''),
('A151263726983826996', 'user12', '14693ce6ace8f2204626a7d6ffb582ca', '286quwzn8b', '', 'nick12', 1, 1, 40, '0.00', 0, 1512637269, 0, 5972, ''),
('A151263726928447631', 'user13', '1cf54a2e061b79945a8fc22768d22f43', 'wfv7dpbkju', '', 'nick13', 1, 1, 65, '0.00', 0, 1512637269, 0, 1403, ''),
('A151263726964999935', 'user14', '1509a595d9479ae49af9963e1914bd31', '2m7uqc2qn', '', 'nick14', 1, 1, 6, '0.00', 0, 1512637269, 0, 6177, ''),
('A151263726921201091', 'user15', '3874f2b8d59bd196e4bf52c3856faeb7', 'hnjiin74tq', '', 'nick15', 1, 0, 40, '0.00', 0, 1512637269, 0, 4895, ''),
('A151263726980402380', 'user16', '85a97304182aead8a8b0c91ae44a627e', 'h2sgqisjpe', '', 'nick16', 1, 1, 39, '0.00', 0, 1512637269, 0, 6748, ''),
('A151263726928764065', 'user17', '57b380fa16523167f1e81b1cc4e476ef', 'uq7qzwx5qs', '', 'nick17', 1, 1, 64, '0.00', 0, 1512637269, 0, 9504, ''),
('A151263726944294470', 'user18', 'c08e4491fcbbf2763564c97eed52a23b', '3mmjs44siq', '', 'nick18', 1, 1, 39, '0.00', 0, 1512637269, 0, 7625, ''),
('A151263726927979802', 'user19', '3e725ae454d4af0c2b428aa99f26b8da', '9866pubjk3', '', 'nick19', 1, 1, 87, '0.00', 0, 1512637269, 0, 6681, ''),
('A151263726976115519', 'user20', '97d59c7731f66335e0ac23d643071ff4', 'tb57frpblg', '', 'nick20', 1, 1, 95, '0.00', 0, 1512637269, 0, 6246, ''),
('A151263726918405334', 'user21', '9213480c34d39c358be165c0b141f44a', '2c6ftghqui', '', 'nick21', 1, 1, 25, '0.00', 0, 1512637269, 0, 8199, ''),
('A151263726983906790', 'user22', 'eebdfba9aa4e64e6eda0f7c096ba6426', '0z7q0y7g2n', '', 'nick22', 1, 1, 50, '0.00', 0, 1512637269, 0, 6375, ''),
('A151263726997454192', 'user23', 'a5566e914b1686a7e7ae803eaf556c93', '9wovbx9udv', '', 'nick23', 1, 1, 73, '0.00', 0, 1512637269, 0, 9572, ''),
('A151263726957896179', 'user24', '471f19cf1317a8e9ca780314a11dca30', '77uysl0i', '', 'nick24', 1, 0, 52, '0.00', 0, 1512637269, 0, 1681, ''),
('A151263726994179326', 'user25', '110271596638beecd44d5ed0315686dc', '98ddy6ei19', '', 'nick25', 1, 0, 18, '0.00', 0, 1512637269, 0, 4111, ''),
('A151263726973019924', 'user26', '57e42491385c677cd3b01a324ae0669d', 'gr8i4qwwfr', '', 'nick26', 1, 0, 89, '0.00', 0, 1512637269, 0, 6814, ''),
('A151263726924483539', 'user27', '7ff365eb4438d3b6cc609943aab45634', 'niqjfkwwe4', '', 'nick27', 1, 1, 94, '0.00', 0, 1512637269, 0, 8378, ''),
('A151263726991672662', 'user28', 'cfb0743ff4adbd302363bc9703d95666', 'x96s81s03y', '', 'nick28', 1, 0, 51, '0.00', 0, 1512637269, 0, 1278, ''),
('A151263726962607408', 'user29', 'a47bd7ed7b372fdd9014e6448591ebb0', 'pk39hxe7ze', '', 'nick29', 1, 1, 27, '0.00', 0, 1512637269, 0, 1757, ''),
('A151263726911125649', 'user30', '80b0f1ca514396ad7cd4d1e1da7d4a45', '0nlym8r21j', '', 'nick30', 1, 1, 47, '0.00', 0, 1512637269, 0, 2020, ''),
('A151263726986417297', 'user31', '69333953578074721fbabb540c9c40b3', '32klrnfe0i', '', 'nick31', 1, 1, 31, '0.00', 0, 1512637269, 0, 2352, ''),
('A151263726922166263', 'user32', '168e72b8bac8410ef015cda35919d6f3', 'zxiqh41sd', '', 'nick32', 1, 0, 36, '0.00', 0, 1512637269, 0, 7530, ''),
('A151263726950612135', 'user33', 'e07aa2945e0036e37d82d2be70e1643c', 'g7djl1cmtm', '', 'nick33', 1, 1, 47, '0.00', 0, 1512637269, 0, 120, ''),
('A151263726955362967', 'user34', 'e2f88cc83178dca90e056995358e8e64', 'yojni0m6wz', '', 'nick34', 1, 1, 57, '0.00', 0, 1512637269, 0, 6794, ''),
('A151263726953779337', 'user35', 'b5866d61e9f813bf605faf62922cda43', 'dxo2qjnqsd', '', 'nick35', 1, 1, 47, '0.00', 0, 1512637269, 0, 5088, ''),
('A151263726936940103', 'user36', '78d7ac2f83cdda96001626353a76d35f', 'wtwt3dedbk', '', 'nick36', 1, 0, 21, '0.00', 0, 1512637269, 0, 1132, ''),
('A151263726977063477', 'user37', '2327228b7ba944f2325f68ac6ec28011', 'c94uo83yd', '', 'nick37', 1, 1, 91, '0.00', 0, 1512637269, 0, 9609, ''),
('A151263726952563869', 'user38', '21d853979501adccadc08677fdb98724', 'j6p8p51c0', '', 'nick38', 1, 1, 56, '0.00', 0, 1512637269, 0, 7524, ''),
('A151263726946866608', 'user39', '6a9bbd323cf2ae1636a4f0f110836b28', 'jwjn8t7j68', '', 'nick39', 1, 1, 17, '0.00', 0, 1512637269, 0, 5424, ''),
('A151263726983048267', 'user40', 'fd0d6240c0cfd6ee969b9c62d98e080b', 'inx6zodrjh', '', 'nick40', 1, 1, 89, '0.00', 0, 1512637269, 0, 3769, ''),
('A151263726931394327', 'user41', '4c5045bd885cd2e006a3b3dbb0ded899', '5wn26uieo2', '', 'nick41', 1, 0, 56, '0.00', 0, 1512637269, 0, 7511, ''),
('A151263726913043103', 'user42', 'd90854bde5db7bea7ad2b58931dbe3c5', 'qr5yfjojik', '', 'nick42', 1, 1, 35, '0.00', 0, 1512637269, 0, 2798, ''),
('A151263726964507053', 'user43', '5d543d57d53242814baee47e9cec3a1e', 'cojchktb5s', '', 'nick43', 1, 0, 17, '0.00', 0, 1512637269, 0, 3155, ''),
('A151263726926892870', 'user44', '2c16ddd34d864a7bfc395b1f5ec78cf5', 'bcl55cl0qr', '', 'nick44', 1, 1, 87, '0.00', 0, 1512637269, 0, 4446, ''),
('A151263726967600610', 'user45', '0d7d0a0724bd325225f823cfb9fb9a6a', 'rfgus7xm9', '', 'nick45', 1, 1, 68, '0.00', 0, 1512637269, 0, 3450, ''),
('A151263726977966971', 'user46', 'f2a19f89173c1190e7a264b099fc99ae', 'gjwpbq1wmz', '', 'nick46', 1, 1, 86, '0.00', 0, 1512637269, 0, 6453, ''),
('A151263726977928979', 'user47', '299e74dcffe93511e12d8cc7bdbcbdce', 'omgz1cixi', '', 'nick47', 1, 0, 11, '0.00', 0, 1512637269, 0, 4298, ''),
('A151263726995970007', 'user48', '93d81bb19401a518e19f9c781d77ba68', '5n9tgxnhl3', '', 'nick48', 1, 0, 76, '0.00', 0, 1512637269, 0, 571, ''),
('A151263726923741897', 'user49', '5d6bcb392c9466b44cbcebf24b289518', 'sc79shufmf', '', 'nick49', 1, 1, 21, '0.00', 0, 1512637269, 0, 3496, ''),
('A151263726984511323', 'user50', '6411f077fb6fa2be15f2ef49e22abd67', '49l5cwyp3x', '', 'nick50', 1, 0, 88, '0.00', 0, 1512637269, 0, 8162, ''),
('A151263726922582361', 'user51', '770abaf6d49c83eb15e7e2ccc11e2ad8', 'xnu6zohqhm', '', 'nick51', 1, 0, 98, '0.00', 0, 1512637269, 0, 3805, ''),
('A151263726979071858', 'user52', '19f4f01afc93942dfae403f3eec27915', 'f99fsj6dep', '', 'nick52', 1, 0, 90, '0.00', 0, 1512637269, 0, 8220, ''),
('A151263726974912584', 'user53', '8bd0ff7c5f60d108849896f4c75af72b', 'y4mtfdviuo', '', 'nick53', 1, 0, 28, '0.00', 0, 1512637269, 0, 1041, ''),
('A151263726922016700', 'user54', 'b9ddc0bb95269b3bbab48bde067a96e8', 'znvrxzbv2', '', 'nick54', 1, 0, 55, '0.00', 0, 1512637269, 0, 5545, ''),
('A151263726972945440', 'user55', '0ebb45f299d7edf93c2c8e2e9c3f933c', '368vvuu2nu', '', 'nick55', 1, 1, 89, '0.00', 0, 1512637269, 0, 6636, ''),
('A151263726914270092', 'user56', 'e9fc32932872a0c4e715a1ae4ab50995', 'qs1568dwe5', '', 'nick56', 1, 1, 10, '0.00', 0, 1512637269, 0, 4328, ''),
('A151263726961010931', 'user57', '39836d7c0f47e60a638a872f3c7f0048', 'lmvzi2js5', '', 'nick57', 1, 0, 92, '0.00', 0, 1512637269, 0, 1553, ''),
('A151263726923722340', 'user58', '4e8433f222a11fc6fa8ec77d4ebbd294', 'x9tn3u2mec', '', 'nick58', 1, 1, 12, '0.00', 0, 1512637269, 0, 9707, ''),
('A151263726924977414', 'user59', 'e17a4b6aa317dbfdc6f7e242486b1e2b', '34yiyugec', '', 'nick59', 1, 0, 36, '0.00', 0, 1512637269, 0, 4971, ''),
('A151263726925445760', 'user60', '9049d2ecedb36a172bdcf6c1efe6775d', 'wtnprvmir8', '', 'nick60', 1, 0, 35, '0.00', 0, 1512637269, 0, 1598, ''),
('A151263726958140197', 'user61', '1b649aafe5378c2d59612ae51825290e', 'xw7ljbe94', '', 'nick61', 1, 1, 92, '0.00', 0, 1512637269, 0, 7628, ''),
('A151263726972566790', 'user62', '54ebf4ddb74704773f8b7f1ebd780a95', 'w7srtgixs', '', 'nick62', 1, 0, 66, '0.00', 0, 1512637269, 0, 202, ''),
('A151263726920002223', 'user63', '938a414ec2ee700657b4a68fbe1f69ca', 'k5t447g5my', '', 'nick63', 1, 1, 12, '0.00', 0, 1512637269, 0, 7576, ''),
('A151263726963287700', 'user64', '02e9926a6766409fd635221eb404d547', 'gr776o3we5', '', 'nick64', 1, 0, 81, '0.00', 0, 1512637269, 0, 2265, ''),
('A151263726941634120', 'user65', '2c096744ad67e11a4096b20f45245e30', 'wjynuxh5n5', '', 'nick65', 1, 1, 28, '0.00', 0, 1512637269, 0, 4297, ''),
('A151263726968349949', 'user66', '8f229b3e913a6b55d53359640718a12b', '9xk7m2kmb', '', 'nick66', 1, 0, 22, '0.00', 0, 1512637269, 0, 3449, ''),
('A151263726933093155', 'user67', 'c7d0b1920d63859bfcbfb334b2d46a44', 'dgwf1vt4y7', '', 'nick67', 1, 1, 35, '0.00', 0, 1512637269, 0, 5998, ''),
('A151263726982892371', 'user68', 'd8d8e4db3198de4eeba5fddaadaabe28', '26313h095r', '', 'nick68', 1, 1, 59, '0.00', 0, 1512637269, 0, 4619, ''),
('A151263726999725215', 'user69', '38d642143789ac49af9d19e6526aa867', 'v9py8k9xd1', '', 'nick69', 1, 1, 26, '0.00', 0, 1512637269, 0, 6721, ''),
('A151263726937283864', 'user70', 'b80b990053392570b11c3031fe95ed76', 'w2ehy0e6v', '', 'nick70', 1, 0, 17, '0.00', 0, 1512637269, 0, 2294, ''),
('A151263726968582964', 'user71', '001d6df40986d7a2f2fcdeb33a87068d', 'ydh8snc5yo', '', 'nick71', 1, 0, 57, '0.00', 0, 1512637269, 0, 9510, ''),
('A151263726986278430', 'user72', 'acddf34d6dadc76327726c5249d624b6', 'qrzpjky2pu', '', 'nick72', 1, 0, 58, '0.00', 0, 1512637269, 0, 7833, ''),
('A151263726949508613', 'user73', 'cfcfd7095f317d27e243e26687516394', '32t5sjt8hm', '', 'nick73', 1, 0, 25, '0.00', 0, 1512637269, 0, 167, ''),
('A151263726943531240', 'user74', 'a50117d9240ffe957a83f366c09c35a1', 'jftggkkgzn', '', 'nick74', 1, 1, 66, '0.00', 0, 1512637269, 0, 4017, ''),
('A151263726954324225', 'user75', '358cf5705c12505632d30cfe950d2e9b', 'yupppbe8rx', '', 'nick75', 1, 1, 15, '0.00', 0, 1512637269, 0, 4229, ''),
('A151263726950139454', 'user76', '1a9dbadc18ffb9df2e904a3dd9bc42f1', 'wbilpsnmdh', '', 'nick76', 1, 1, 55, '0.00', 0, 1512637269, 0, 5371, ''),
('A151263726969239540', 'user77', '75a0221950d4c8dea89200ab40cfa516', 'm30i11zwnl', '', 'nick77', 1, 1, 87, '0.00', 0, 1512637269, 0, 5931, ''),
('A151263726963766590', 'user78', 'b754e0f896fa0c65fa6a6c2e210f8791', 'rurfiii0o9', '', 'nick78', 1, 0, 70, '0.00', 0, 1512637269, 0, 4512, ''),
('A151263726917827619', 'user79', 'b63c3b3361c6ac1017ddbd40124723e7', 'ch3qm90n98', '', 'nick79', 1, 0, 34, '0.00', 0, 1512637269, 0, 7416, ''),
('A151263726957374010', 'user80', '37ad7283d0856513baf00c8f26a0b488', 'q4n8eion9d', '', 'nick80', 1, 0, 39, '0.00', 0, 1512637269, 0, 1562, ''),
('A151263726911908536', 'user81', '3b9415f50c30b36e719b8fdcdf6e1843', 'mjchg5gcvz', '', 'nick81', 1, 0, 9, '0.00', 0, 1512637269, 0, 9562, ''),
('A151263726960197130', 'user82', '241d3b94c863d7d2257483bd73e4a5d2', '9v6ekvdq5x', '', 'nick82', 1, 1, 12, '0.00', 0, 1512637269, 0, 320, ''),
('A151263726964643761', 'user83', '877a23b94e0b7ba39942390490dafc13', '5wf8o19fw2', '', 'nick83', 1, 0, 10, '0.00', 0, 1512637269, 0, 7790, ''),
('A151263726938844659', 'user84', 'dcb5fdf184f2ee1d15dd36b781aad027', 'l5ryc16i86', '', 'nick84', 1, 0, 80, '0.00', 0, 1512637269, 0, 5074, ''),
('A151263726963845710', 'user85', 'a5455c86ddc61ffe86100cce527dfc41', 'y9s7egomkl', '', 'nick85', 1, 1, 13, '0.00', 0, 1512637269, 0, 5424, ''),
('A151263726939019657', 'user86', 'f0de60b4c6dec6a1b05f780244649fb5', 'gh7jhhifz', '', 'nick86', 1, 1, 6, '0.00', 0, 1512637269, 0, 1084, ''),
('A151263726933748944', 'user87', '84e0ccc37901b759277e550fddd69f72', 'le90t63r85', '', 'nick87', 1, 1, 52, '0.00', 0, 1512637269, 0, 7780, ''),
('A151263726983975123', 'user88', '25e6ac9f2eec93110d7dc4927be4931c', '5h0kpf2j', '', 'nick88', 1, 1, 65, '0.00', 0, 1512637269, 0, 9213, ''),
('A151263726932542486', 'user89', 'd76c752be1cf21c06992b4f75728f12c', 'bsw0xcy6js', '', 'nick89', 1, 1, 14, '0.00', 0, 1512637269, 0, 9994, ''),
('A151263726948158770', 'user90', '93c24889e137fe207e85eddcdbf9dfef', 'kvh73z0z1o', '', 'nick90', 1, 0, 29, '0.00', 0, 1512637269, 0, 5257, ''),
('A151263726959459944', 'user91', '6d8b78f5f1d2aabc89824a608f030590', '5y8dxu1fc', '', 'nick91', 1, 0, 68, '0.00', 0, 1512637269, 0, 5768, ''),
('A151263726954879085', 'user92', 'fc6bc83c81d1ddb859625c5e13146cc6', '6fg14inyye', '', 'nick92', 1, 0, 88, '0.00', 0, 1512637269, 0, 9416, ''),
('A151263726967397300', 'user93', '47360c5b2960fccaee813f7bd662bbb9', '0ru6jwmmm0', '', 'nick93', 1, 1, 73, '0.00', 0, 1512637269, 0, 683, ''),
('A151263726972131190', 'user94', 'de178e896e9874ce172e15ecd4d1c739', 'mk2tgsq0s', '', 'nick94', 1, 1, 69, '0.00', 0, 1512637269, 0, 8274, ''),
('A151263726935529860', 'user95', '768d0f7068c1aabe15941b530ddea027', '8lfgh36xz', '', 'nick95', 1, 0, 72, '0.00', 0, 1512637269, 0, 1328, ''),
('A151263726919700978', 'user96', '8eef01173ddeb26592d158706ab0a8d4', 'xtphuyhcpn', '', 'nick96', 1, 1, 34, '0.00', 0, 1512637269, 0, 834, ''),
('A151263726921510051', 'user97', 'e5dbf0421b9007e32a3f6900144a58f8', 'i4uk2kyxul', '', 'nick97', 1, 1, 71, '0.00', 0, 1512637269, 0, 511, ''),
('A151263726980290016', 'user98', '60b246c654f1b49dd2051ff6599baad6', 'tthkkn4rpm', '', 'nick98', 1, 0, 21, '0.00', 0, 1512637269, 0, 5480, ''),
('A151263726957694210', 'user99', '408f07172e03afd6102ffa54e4db1bd4', 'ovn3wnsnjp', '', 'nick99', 1, 0, 85, '0.00', 0, 1512637269, 0, 8063, ''),
('A151263726974083004', 'user100', '4773a1f0eb6e6842c1285655190d38fc', 'ogln7i7oon', '', 'nick100', 1, 0, 48, '0.00', 0, 1512637269, 0, 2465, ''),
('A151263726986906668', 'user1', 'd36e8a3e2906a616781f730936b81931', '0yt844jp61', '', 'nick1', 1, 0, 97, '0.00', 0, 1512637269, 0, 1185, ''),
('A151263726942026198', 'user2', '2da7e0ac3e3dbdb9140e00c70c5e2ffb', 'lpsnqxlxu2', '', 'nick2', 1, 1, 45, '0.00', 0, 1512637269, 0, 7281, ''),
('A151263726956047556', 'user3', '2af038246b106c314ddbf2923af8b050', 'mlkxnvio0c', '', 'nick3', 1, 0, 84, '0.00', 0, 1512637269, 0, 8787, ''),
('A151263726994832968', 'user4', '0cc267e9508e0ac7065e7bd6bdc97391', 'eqlen0oi51', '', 'nick4', 1, 0, 22, '0.00', 0, 1512637269, 0, 6670, ''),
('A151263726997140255', 'user5', '4f8019a4851cf72eac8731e6539bfb19', '3bni7tb114', '', 'nick5', 1, 0, 60, '0.00', 0, 1512637269, 0, 6419, ''),
('A151263726953102238', 'user6', 'd17b68e0db3ddbe3aaf8a3895173af86', 'rmdr065hpm', '', 'nick6', 1, 0, 18, '0.00', 0, 1512637269, 0, 901, ''),
('A151263726963026418', 'user7', 'e2b6df9744dc2be98d612dd11ceaab38', 'cdivgpf8fb', '', 'nick7', 1, 1, 64, '0.00', 0, 1512637269, 0, 2025, ''),
('A151263726976797250', 'user8', 'cdb8ce260c0ded3843d5ddc01c5c4340', 'fl9mphcxl9', '', 'nick8', 1, 0, 50, '0.00', 0, 1512637269, 0, 401, ''),
('A151263726926756750', 'user9', 'd5d6ebe288e0d0afa34d0426cd08a827', 'ye6hpfvzp3', '', 'nick9', 1, 0, 77, '0.00', 0, 1512637269, 0, 4590, ''),
('A151263726920536740', 'user10', '1135074966c600516699f848e9d452d6', 'zyf8vd7rdy', '', 'nick10', 1, 1, 29, '0.00', 0, 1512637269, 0, 4476, ''),
('A151263726948673560', 'user11', '752774a4d5b49570238b2060ecfca3a1', '24t5zhrvrj', '', 'nick11', 1, 1, 57, '0.00', 0, 1512637269, 0, 1871, ''),
('A151263726979385278', 'user12', 'c3a00d54699f595d6d7e8a96d4f4f392', 'q8w0r7z6b9', '', 'nick12', 1, 1, 34, '0.00', 0, 1512637269, 0, 8443, ''),
('A151263726947463500', 'user13', '87661588302a39a6fa21bdd2f9ac9b60', 'h1cetp8rg', '', 'nick13', 1, 0, 37, '0.00', 0, 1512637269, 0, 8620, ''),
('A151263726978096025', 'user14', 'b3467b44bab5182b7030fc3ee4414c5a', 'zuxvnnjm8t', '', 'nick14', 1, 0, 45, '0.00', 0, 1512637269, 0, 8876, ''),
('A151263726911197082', 'user15', '04be10dde6b791123c3add6b0813d495', '0gwvq4pg10', '', 'nick15', 1, 1, 20, '0.00', 0, 1512637269, 0, 889, ''),
('A151263726956896809', 'user16', 'c376d5b42266c3973f7a4e8cf91b0b16', 'm1p5b6flo', '', 'nick16', 1, 1, 35, '0.00', 0, 1512637269, 0, 8998, ''),
('A151263726983167269', 'user17', '8d5dc7986b15210a099fc836641fff14', 'g89lwx33l', '', 'nick17', 1, 0, 21, '0.00', 0, 1512637269, 0, 6486, ''),
('A151263726937055100', 'user18', '9f61dca184254830faf790ba8ae4aba8', 'fkriexrj8e', '', 'nick18', 1, 0, 1, '0.00', 0, 1512637269, 0, 1645, ''),
('A151263726964743116', 'user19', '6bebc5ec407ecb5b463d910fc5a4e360', '706ypqqhld', '', 'nick19', 1, 0, 24, '0.00', 0, 1512637269, 0, 5606, ''),
('A151263726922287033', 'user20', '64c936813d9016ba676511be074ccadd', 'bw6u9egbb0', '', 'nick20', 1, 1, 98, '0.00', 0, 1512637269, 0, 2119, ''),
('A151263726995959485', 'user21', 'b80fadb11747fced20a33ffd0f774e5c', 'izt59g78t5', '', 'nick21', 1, 0, 81, '0.00', 0, 1512637269, 0, 7630, ''),
('A151263726956944112', 'user22', 'd5dd9e8cae54c31ae981c240c5509090', 'ndkb9puc52', '', 'nick22', 1, 1, 18, '0.00', 0, 1512637269, 0, 456, ''),
('A151263726994761093', 'user23', 'cc6ba193aacef6b4d932a8a5c01a9ea9', '7ujtidny4x', '', 'nick23', 1, 0, 45, '0.00', 0, 1512637269, 0, 5494, ''),
('A151263726991206187', 'user24', '3234b30f7f2fba0c928c38cab66fae40', 'kxl8konnu', '', 'nick24', 1, 1, 94, '0.00', 0, 1512637269, 0, 1931, ''),
('A151263726911615408', 'user25', '9021b5af4ede658974c20413b287858a', '68mfyt1ii', '', 'nick25', 1, 0, 87, '0.00', 0, 1512637269, 0, 6498, ''),
('A151263726964444960', 'user26', 'a43c178c6391740010de38c1d7b0a6f8', 'b1rqoxzpr', '', 'nick26', 1, 1, 30, '0.00', 0, 1512637269, 0, 3713, ''),
('A151263726931611595', 'user27', '6cb193a6ae35cf8f464000a8d55cc652', 'zb4gnncpmk', '', 'nick27', 1, 1, 84, '0.00', 0, 1512637269, 0, 2672, ''),
('A151263726977736621', 'user28', '3ea6d30041b2253dbfba94b2a35baf5e', '9gjqzyfut2', '', 'nick28', 1, 1, 27, '0.00', 0, 1512637269, 0, 9806, ''),
('A151263726923798044', 'user29', 'b717c3a1bb0b9989cf7bfff3b128714e', 'idr8dpye9g', '', 'nick29', 1, 0, 55, '0.00', 0, 1512637269, 0, 5493, ''),
('A151263726941760900', 'user30', '8931796fbbf6acdf547a928c22dc9667', '4z04z1j9x', '', 'nick30', 1, 0, 9, '0.00', 0, 1512637269, 0, 4904, ''),
('A151263726989299990', 'user31', 'c986d46c4cb6732ce6630b6388c997c6', 'ulgmxmnux9', '', 'nick31', 1, 0, 34, '0.00', 0, 1512637269, 0, 8247, ''),
('A151263726956511332', 'user32', '0c32d6d00191e03abf198e474d5a52bc', 'l0tw0u3f', '', 'nick32', 1, 1, 50, '0.00', 0, 1512637269, 0, 6232, ''),
('A151263726952668278', 'user33', 'ef2b8a7cd7ca76b49a59ddf53ae15dce', 'x1ly5nn0t8', '', 'nick33', 1, 0, 77, '0.00', 0, 1512637269, 0, 8696, ''),
('A151263726950975895', 'user34', 'dc79c07eebc085f13e6117b2f0701b68', 'jv2n4083qk', '', 'nick34', 1, 0, 54, '0.00', 0, 1512637269, 0, 5957, ''),
('A151263726928015867', 'user35', '7a91ee05ce4a943b151b48c0efa0e992', '29k53wlvvt', '', 'nick35', 1, 1, 92, '0.00', 0, 1512637269, 0, 6472, ''),
('A151263726934961363', 'user36', '803c0be7ae7342ae98bc6156d9b02b5f', 'vc42g7lkf6', '', 'nick36', 1, 0, 4, '0.00', 0, 1512637269, 0, 1458, ''),
('A151263726931620778', 'user37', 'de8e53d45667d942f54ded5e2bf5dac5', '7r6xnnoist', '', 'nick37', 1, 1, 2, '0.00', 0, 1512637269, 0, 3529, ''),
('A151263726923472937', 'user38', '47276d8c40086770af595b1f1ab7f9d9', 'hpezw1ywip', '', 'nick38', 1, 1, 85, '0.00', 0, 1512637269, 0, 257, ''),
('A151263726931802055', 'user39', '45933b2e634fee09f8d2d286198d59df', 'yu6gb7rgw6', '', 'nick39', 1, 0, 55, '0.00', 0, 1512637269, 0, 4858, ''),
('A151263726946057100', 'user40', '59f15faca79d05ec5ffe4ff1a1dc86c0', 'vdtlkk7kkb', '', 'nick40', 1, 0, 29, '0.00', 0, 1512637269, 0, 6203, ''),
('A151263726920725469', 'user41', 'e52de8dd08454c409f988557a6e82cdb', 'utrfb2cio2', '', 'nick41', 1, 0, 85, '0.00', 0, 1512637269, 0, 7330, ''),
('A151263726949613946', 'user42', '97f25edc20e0fcb657bf74596393bff9', '2d9g60umjc', '', 'nick42', 1, 1, 64, '0.00', 0, 1512637269, 0, 5854, ''),
('A151263726989805370', 'user43', '759abb15696d78c2bd2728381ab6593a', 'ju68ceye2m', '', 'nick43', 1, 1, 48, '0.00', 0, 1512637269, 0, 5716, ''),
('A151263726937379900', 'user44', '90dd62334df1fbe56b8a712cbfe8abc7', 'y12gy5pu7d', '', 'nick44', 1, 0, 46, '0.00', 0, 1512637269, 0, 6429, ''),
('A151263726946292843', 'user45', 'dfd56f3606207638ed98a8b0a9fca044', '9mchz1req8', '', 'nick45', 1, 0, 21, '0.00', 0, 1512637269, 0, 5617, ''),
('A151263726927158925', 'user46', '648f4a44e80fa45cab159ee8891f098b', 'rtzv1rl03z', '', 'nick46', 1, 1, 8, '0.00', 0, 1512637269, 0, 9358, ''),
('A151263726942404898', 'user47', 'f1de5402416ddbbdcef9d558d38cf363', 'wjnl9xvwlq', '', 'nick47', 1, 1, 75, '0.00', 0, 1512637269, 0, 5130, ''),
('A151263726964638338', 'user48', '7b927d7c93738fbde57069d3904e6120', 'uy893cnqxy', '', 'nick48', 1, 0, 75, '0.00', 0, 1512637269, 0, 3992, ''),
('A151263726938066080', 'user49', '9f292ab5b073de4d34c5a4ff14f35245', 'gz8zhv5f74', '', 'nick49', 1, 0, 57, '0.00', 0, 1512637269, 0, 4894, ''),
('A151263726999916140', 'user50', '2b2d6a8b0225b8bd906bf9bbf3f03abf', 'xzuf7cfpqu', '', 'nick50', 1, 1, 79, '0.00', 0, 1512637269, 0, 1374, ''),
('A151263726963386835', 'user51', 'debbae24da5ec5b2eea3b6760a10e1c4', '5pqivglzlk', '', 'nick51', 1, 1, 51, '0.00', 0, 1512637269, 0, 9176, ''),
('A151263726939691763', 'user52', '2ebaf720c2412722b3dfd926cb8496b9', 'gbd1l8lupw', '', 'nick52', 1, 1, 39, '0.00', 0, 1512637269, 0, 6141, ''),
('A151263726957244921', 'user53', '7831ef2019b1f4b7b2b16aebb27330b7', 'yrnxodt4yc', '', 'nick53', 1, 0, 81, '0.00', 0, 1512637269, 0, 2401, ''),
('A151263726975210588', 'user54', 'dd82e99d1ff627cf94cc182cdcad7548', 'n0bb0g1j5f', '', 'nick54', 1, 1, 45, '0.00', 0, 1512637269, 0, 7499, ''),
('A151263726946070270', 'user55', 'd6ea8686378c24b8ab6669233393b8d4', 'g4zk8l9pwh', '', 'nick55', 1, 1, 15, '0.00', 0, 1512637269, 0, 7444, ''),
('A151263726998376952', 'user56', '50c9c53bedffd0d25bfbe9bb0107fbca', '7tzljwqt9y', '', 'nick56', 1, 0, 96, '0.00', 0, 1512637269, 0, 8741, ''),
('A151263726949010527', 'user57', 'bc2c583546392a1bd17fc118bbd43d9f', 'qlc4m8dhsi', '', 'nick57', 1, 1, 84, '0.00', 0, 1512637269, 0, 4504, ''),
('A151263726979742998', 'user58', 'b874231572653413e170d11fe8faa6e0', 'hfumqet5zu', '', 'nick58', 1, 0, 26, '0.00', 0, 1512637269, 0, 9071, ''),
('A151263726936852180', 'user59', '406e57cd7b8fc0acd0b6512a76f2f42c', 'ro2hs1ki10', '', 'nick59', 1, 0, 52, '0.00', 0, 1512637269, 0, 8156, ''),
('A151263726934963218', 'user60', 'e9b1d7acb29bb7f91de0d30ce522b928', 'hzjrx4wmjk', '', 'nick60', 1, 1, 61, '0.00', 0, 1512637269, 0, 7573, ''),
('A151263726987651588', 'user61', '608838bdb810bab9269ba5314fb1de17', 'ip1wtyituz', '', 'nick61', 1, 1, 14, '0.00', 0, 1512637269, 0, 1643, ''),
('A151263726933766475', 'user62', 'a2158a0455c09dcbf9d21bab0a5cab11', 'f4s53rvwf', '', 'nick62', 1, 0, 49, '0.00', 0, 1512637269, 0, 3556, ''),
('A151263726924254841', 'user63', '4692ee0fcce267ab410e533f7b965d15', '5qnqiz7ciw', '', 'nick63', 1, 1, 16, '0.00', 0, 1512637269, 0, 7149, ''),
('A151263726923609110', 'user64', '5ab0e5c3ec6e78dbb468f87eaef74454', '8jp6f4pv4c', '', 'nick64', 1, 0, 26, '0.00', 0, 1512637269, 0, 388, ''),
('A151263726946596778', 'user65', '469e42f3ddaa780e640ab3429d14429b', '2z1pu2rkkb', '', 'nick65', 1, 0, 60, '0.00', 0, 1512637269, 0, 3843, ''),
('A151263726975832013', 'user66', 'a0911cf515f5b8cdd00c2a84f7b33ab3', '0ql1mulr7j', '', 'nick66', 1, 0, 35, '0.00', 0, 1512637269, 0, 2172, ''),
('A151263726938737968', 'user67', '5c9d5dfb3c5615d74c12c7cc75be37bc', 'exekok3cyd', '', 'nick67', 1, 0, 88, '0.00', 0, 1512637269, 0, 7292, ''),
('A151263726958149315', 'user68', 'dd9f529dcbb3a5810e085deb6f117c43', 'd3lbc1fm5', '', 'nick68', 1, 0, 40, '0.00', 0, 1512637269, 0, 6970, ''),
('A151263726938677393', 'user69', '28d8df0f3f3b436403af94afe0a6f509', 'qi08ji5l1q', '', 'nick69', 1, 1, 14, '0.00', 0, 1512637269, 0, 7730, ''),
('A151263726920516098', 'user70', '68c19876f607c07ebf811615b8626e96', '0vcckmgjpy', '', 'nick70', 1, 0, 17, '0.00', 0, 1512637269, 0, 497, ''),
('A151263726941387800', 'user71', 'f1eab8b4df5f6b96458e43fca0fe8d4b', 'rn6vlcvfq', '', 'nick71', 1, 0, 8, '0.00', 0, 1512637269, 0, 3884, ''),
('A151263726973087598', 'user72', 'e6c2adb83f47e1615a4fcc75c23c5ec2', '84iu75xk3o', '', 'nick72', 1, 0, 85, '0.00', 0, 1512637269, 0, 6952, ''),
('A151263726994741764', 'user73', 'c743cd45d9708e58bd773c254d4fd4b4', 'qm9zbmsoo9', '', 'nick73', 1, 1, 66, '0.00', 0, 1512637269, 0, 432, ''),
('A151263726996922207', 'user74', '21dbbbb1a661732919d7a63db85e3bda', 'vzxxrvhqd0', '', 'nick74', 1, 1, 79, '0.00', 0, 1512637269, 0, 4199, ''),
('A151263726980639851', 'user75', 'f2c3849450babef3ef7b5d84b4208a7f', 'rrrq64rrsg', '', 'nick75', 1, 1, 17, '0.00', 0, 1512637269, 0, 1781, ''),
('A151263726954552516', 'user76', '98e64bacc44cc25f02ca454b6fb052f5', '7z84x4e5uc', '', 'nick76', 1, 0, 88, '0.00', 0, 1512637269, 0, 7426, ''),
('A151263726988483333', 'user77', 'aa1c6217a39093ea4aaadd4e9ced46ff', '1bg9uydx89', '', 'nick77', 1, 1, 17, '0.00', 0, 1512637269, 0, 4403, ''),
('A151263726942904820', 'user78', '67319bf5868b554ff51a8e99b3811fd7', 'b8vnyszpro', '', 'nick78', 1, 0, 1, '0.00', 0, 1512637269, 0, 6968, ''),
('A151263726986693927', 'user79', '83d7bb45f327d79aaa8eeafd1590515b', 'ut1q3ctz2', '', 'nick79', 1, 1, 36, '0.00', 0, 1512637269, 0, 971, ''),
('A151263726967318995', 'user80', '65b1d9faf80660dd05d4d7546ba43d43', 'iwe0t3sbsu', '', 'nick80', 1, 1, 56, '0.00', 0, 1512637269, 0, 4476, ''),
('A151263726963613354', 'user81', '30a6738dbc946d8f218052e896cd5502', 'yihu3u23w', '', 'nick81', 1, 1, 91, '0.00', 0, 1512637269, 0, 8947, ''),
('A151263726975866856', 'user82', '7052e475c0b6b11244af22eae12e0936', 'm5mrtrwdc0', '', 'nick82', 1, 1, 30, '0.00', 0, 1512637269, 0, 3128, ''),
('A151263726972521127', 'user83', '7c31755a4a5b8f1bba629d4405835073', '75qiguqqrt', '', 'nick83', 1, 1, 35, '0.00', 0, 1512637269, 0, 6523, ''),
('A151263726930211512', 'user84', '0be437a7e141000007386b5c2e256f97', 'yo62fn4qqo', '', 'nick84', 1, 0, 93, '0.00', 0, 1512637269, 0, 1933, ''),
('A151263726981005724', 'user85', 'eac53bef32733c74921a53509f9fdfe4', 'xo52mmeg2m', '', 'nick85', 1, 0, 24, '0.00', 0, 1512637269, 0, 2807, ''),
('A151263726925353238', 'user86', '2f3cdeea3cd6411833040f6d4cfe6970', 'dsrutim2w', '', 'nick86', 1, 1, 16, '0.00', 0, 1512637269, 0, 4950, ''),
('A151263726970440653', 'user87', '612074c69fb03ea66eb63955dc870d25', '9wd1y06fpp', '', 'nick87', 1, 0, 43, '0.00', 0, 1512637269, 0, 8035, ''),
('A151263726946181260', 'user88', '45fb69212fb985ad12ad0abbfc765909', 'fxwvuyxflm', '', 'nick88', 1, 0, 78, '0.00', 0, 1512637269, 0, 9213, ''),
('A151263726956352745', 'user89', '02a5aaefb0cf710ee670046069e608b5', '1ppjrk8m1d', '', 'nick89', 1, 0, 93, '0.00', 0, 1512637269, 0, 3577, ''),
('A151263726985790407', 'user90', '8ca93330c40d4b98853f27fbc327be57', 'rmxbyqh5yh', '', 'nick90', 1, 1, 63, '0.00', 0, 1512637269, 0, 9510, ''),
('A151263726988664419', 'user91', '4cbc3b6beb01e2f52b2d41585f3470c3', 'fr3x5vx7v', '', 'nick91', 1, 0, 28, '0.00', 0, 1512637269, 0, 9960, ''),
('A151263726999419254', 'user92', 'b597f94f0bdd8bbb664f710cadc0e16a', 'zgjbvf7ib', '', 'nick92', 1, 0, 79, '0.00', 0, 1512637269, 0, 3374, ''),
('A151263726970846360', 'user93', '314dc91980575a5296793e9632c820b3', 'rkmy7zbzn', '', 'nick93', 1, 1, 23, '0.00', 0, 1512637269, 0, 172, ''),
('A151263726931091530', 'user94', '9313b5d93d54c2f5117a7f75ea4b4771', 'mc11xdobo', '', 'nick94', 1, 1, 99, '0.00', 0, 1512637269, 0, 4204, ''),
('A151263726953928299', 'user95', 'dfd5e15025564c684efeb65153aed98a', 'd5f9fvq219', '', 'nick95', 1, 0, 64, '0.00', 0, 1512637269, 0, 4181, ''),
('A151263726974310803', 'user96', '3e43679e3a2ba8e45fb0d87a22dace24', 'z88jfhxjfe', '', 'nick96', 1, 0, 43, '0.00', 0, 1512637269, 0, 3981, ''),
('A151263726990080381', 'user97', 'cc0321e7c63dde65d54ecec60aa5200d', 'y8bpl9wie0', '', 'nick97', 1, 1, 91, '0.00', 0, 1512637269, 0, 9512, ''),
('A151263726966008188', 'user98', '73165be402978794fbe691ec123082b4', '24d55ftrmj', '', 'nick98', 1, 1, 45, '0.00', 0, 1512637269, 0, 5427, ''),
('A151263726940839110', 'user99', '12ed852adc5288411dbaddae3d4dfb63', 'tnnkcpzhq1', '', 'nick99', 1, 1, 97, '0.00', 0, 1512637269, 0, 2982, ''),
('A151263726926502252', 'user100', 'efea82e038174a1eb1d156cc860f0435', 'v90523ezg1', '', 'nick100', 1, 1, 96, '0.00', 0, 1512637269, 0, 5084, '');

-- --------------------------------------------------------

--
-- 表的结构 `ke_users_group`
--

CREATE TABLE IF NOT EXISTS `ke_users_group` (
  `id` int(11) NOT NULL,
  `name` varchar(20) COLLATE utf8_unicode_ci NOT NULL DEFAULT '',
  `integral` int(11) NOT NULL DEFAULT '0' COMMENT '所需积分',
  `create_time` int(11) NOT NULL DEFAULT '0'
) ENGINE=MyISAM AUTO_INCREMENT=2 DEFAULT CHARSET=utf8 COLLATE=utf8_unicode_ci;

--
-- 转存表中的数据 `ke_users_group`
--

INSERT INTO `ke_users_group` (`id`, `name`, `integral`, `create_time`) VALUES
(1, '测试', 1, 0);

--
-- Indexes for dumped tables
--

--
-- Indexes for table `ke_admin`
--
ALTER TABLE `ke_admin`
  ADD PRIMARY KEY (`id`);

--
-- Indexes for table `ke_admin_group`
--
ALTER TABLE `ke_admin_group`
  ADD PRIMARY KEY (`id`);

--
-- Indexes for table `ke_admin_role`
--
ALTER TABLE `ke_admin_role`
  ADD PRIMARY KEY (`id`);

--
-- Indexes for table `ke_admin_rule`
--
ALTER TABLE `ke_admin_rule`
  ADD PRIMARY KEY (`id`);

--
-- Indexes for table `ke_site`
--
ALTER TABLE `ke_site`
  ADD PRIMARY KEY (`id`);

--
-- Indexes for table `ke_users`
--
ALTER TABLE `ke_users`
  ADD PRIMARY KEY (`id`);

--
-- Indexes for table `ke_users_group`
--
ALTER TABLE `ke_users_group`
  ADD PRIMARY KEY (`id`);

--
-- AUTO_INCREMENT for dumped tables
--

--
-- AUTO_INCREMENT for table `ke_admin`
--
ALTER TABLE `ke_admin`
  MODIFY `id` int(11) NOT NULL AUTO_INCREMENT,AUTO_INCREMENT=105;
--
-- AUTO_INCREMENT for table `ke_admin_group`
--
ALTER TABLE `ke_admin_group`
  MODIFY `id` int(11) NOT NULL AUTO_INCREMENT,AUTO_INCREMENT=11;
--
-- AUTO_INCREMENT for table `ke_admin_role`
--
ALTER TABLE `ke_admin_role`
  MODIFY `id` int(11) NOT NULL AUTO_INCREMENT,AUTO_INCREMENT=8;
--
-- AUTO_INCREMENT for table `ke_admin_rule`
--
ALTER TABLE `ke_admin_rule`
  MODIFY `id` int(11) NOT NULL AUTO_INCREMENT,AUTO_INCREMENT=9;
--
-- AUTO_INCREMENT for table `ke_site`
--
ALTER TABLE `ke_site`
  MODIFY `id` int(11) NOT NULL AUTO_INCREMENT,AUTO_INCREMENT=2;
--
-- AUTO_INCREMENT for table `ke_users_group`
--
ALTER TABLE `ke_users_group`
  MODIFY `id` int(11) NOT NULL AUTO_INCREMENT,AUTO_INCREMENT=2;
/*!40101 SET CHARACTER_SET_CLIENT=@OLD_CHARACTER_SET_CLIENT */;
/*!40101 SET CHARACTER_SET_RESULTS=@OLD_CHARACTER_SET_RESULTS */;
/*!40101 SET COLLATION_CONNECTION=@OLD_COLLATION_CONNECTION */;
