-- phpMyAdmin SQL Dump
-- version 4.4.15
-- http://www.phpmyadmin.net
--
-- Host: 127.0.0.1
-- Generation Time: 2017-12-08 00:15:50
-- 服务器版本： 10.1.8-MariaDB
-- PHP Version: 5.6.14

SET SQL_MODE = "NO_AUTO_VALUE_ON_ZERO";
SET time_zone = "+00:00";


/*!40101 SET @OLD_CHARACTER_SET_CLIENT=@@CHARACTER_SET_CLIENT */;
/*!40101 SET @OLD_CHARACTER_SET_RESULTS=@@CHARACTER_SET_RESULTS */;
/*!40101 SET @OLD_COLLATION_CONNECTION=@@COLLATION_CONNECTION */;
/*!40101 SET NAMES utf8mb4 */;

--
-- Database: `admin`
--

-- --------------------------------------------------------

--
-- 表的结构 `ke_admin`
--

CREATE TABLE IF NOT EXISTS `ke_admin` (
  `id` int(11) NOT NULL,
  `user` varchar(20) COLLATE utf8_unicode_ci NOT NULL DEFAULT '',
  `pass` varchar(32) COLLATE utf8_unicode_ci NOT NULL DEFAULT '',
  `private` varchar(10) COLLATE utf8_unicode_ci NOT NULL DEFAULT '',
  `token` varchar(32) COLLATE utf8_unicode_ci NOT NULL DEFAULT '',
  `group_id` int(11) NOT NULL DEFAULT '0',
  `create_time` int(11) NOT NULL DEFAULT '0',
  `update_time` int(11) NOT NULL DEFAULT '0'
) ENGINE=MyISAM AUTO_INCREMENT=105 DEFAULT CHARSET=utf8 COLLATE=utf8_unicode_ci;

--
-- 转存表中的数据 `ke_admin`
--

INSERT INTO `ke_admin` (`id`, `user`, `pass`, `private`, `token`, `group_id`, `create_time`, `update_time`) VALUES
(1, 'admin', '3718f0c9dff9225fed36c7038453d1c9', 'ewh5ixpeu6', '524b4bd1d31f65752944ba5b36b3563e', 4, 1512359668, 1512662448),
(2, 'wdaglb', 'fa0c9b4d94cb1c15a019de4e6ae3944a', 'uheqhx9zc8', '', 4, 0, 0),
(3, 'admins', '14f0aead929248e2947f13911952e186', '8qzmmsuuuz', '', 4, 0, 1512565097),
(5, 'admin0', 'a', '', '', 5, 1512567061, 0),
(6, 'admin1', 'a', '', '', 5, 1512567061, 0),
(7, 'admin2', 'a', '', '', 5, 1512567061, 0),
(8, 'admin3', 'a', '', '', 5, 1512567061, 0),
(9, 'admin4', 'a', '', '', 5, 1512567061, 0),
(10, 'admin5', 'a', '', '', 5, 1512567061, 0),
(11, 'admin6', 'a', '', '', 5, 1512567061, 0),
(12, 'admin7', 'a', '', '', 5, 1512567061, 0),
(13, 'admin8', 'a', '', '', 5, 1512567061, 0),
(14, 'admin9', 'a', '', '', 5, 1512567061, 0),
(15, 'admin10', 'a', '', '', 5, 1512567061, 0),
(16, 'admin11', 'a', '', '', 5, 1512567061, 0),
(17, 'admin12', 'a', '', '', 5, 1512567061, 0),
(18, 'admin13', 'a', '', '', 5, 1512567061, 0),
(19, 'admin14', 'a', '', '', 5, 1512567061, 0),
(20, 'admin15', 'a', '', '', 5, 1512567061, 0),
(21, 'admin16', 'a', '', '', 5, 1512567061, 0),
(22, 'admin17', 'a', '', '', 5, 1512567061, 0),
(23, 'admin18', 'a', '', '', 5, 1512567061, 0),
(24, 'admin19', 'a', '', '', 5, 1512567061, 0),
(25, 'admin20', 'a', '', '', 5, 1512567061, 0),
(26, 'admin21', 'a', '', '', 5, 1512567061, 0),
(27, 'admin22', 'a', '', '', 5, 1512567061, 0),
(28, 'admin23', 'a', '', '', 5, 1512567061, 0),
(29, 'admin24', 'a', '', '', 5, 1512567061, 0),
(30, 'admin25', 'a', '', '', 5, 1512567061, 0),
(31, 'admin26', 'a', '', '', 5, 1512567061, 0),
(32, 'admin27', 'a', '', '', 5, 1512567061, 0),
(33, 'admin28', 'a', '', '', 5, 1512567061, 0),
(34, 'admin29', 'a', '', '', 5, 1512567061, 0),
(35, 'admin30', 'a', '', '', 5, 1512567061, 0),
(36, 'admin31', 'a', '', '', 5, 1512567061, 0),
(37, 'admin32', 'a', '', '', 5, 1512567061, 0),
(38, 'admin33', 'a', '', '', 5, 1512567061, 0),
(39, 'admin34', 'a', '', '', 5, 1512567061, 0),
(40, 'admin35', 'a', '', '', 5, 1512567061, 0),
(41, 'admin36', 'a', '', '', 5, 1512567061, 0),
(42, 'admin37', 'a', '', '', 5, 1512567061, 0),
(43, 'admin38', 'a', '', '', 5, 1512567061, 0),
(44, 'admin39', 'a', '', '', 5, 1512567061, 0),
(45, 'admin40', 'a', '', '', 5, 1512567061, 0),
(46, 'admin41', 'a', '', '', 5, 1512567061, 0),
(47, 'admin42', 'a', '', '', 5, 1512567061, 0),
(48, 'admin43', 'a', '', '', 5, 1512567061, 0),
(49, 'admin44', 'a', '', '', 5, 1512567061, 0),
(50, 'admin45', 'a', '', '', 5, 1512567061, 0),
(51, 'admin46', 'a', '', '', 5, 1512567061, 0),
(52, 'admin47', 'a', '', '', 5, 1512567061, 0),
(53, 'admin48', 'a', '', '', 5, 1512567061, 0),
(54, 'admin49', 'a', '', '', 5, 1512567061, 0),
(55, 'admin50', 'a', '', '', 5, 1512567061, 0),
(56, 'admin51', 'a', '', '', 5, 1512567061, 0),
(57, 'admin52', 'a', '', '', 5, 1512567061, 0),
(58, 'admin53', 'a', '', '', 5, 1512567061, 0),
(59, 'admin54', 'a', '', '', 5, 1512567061, 0),
(60, 'admin55', 'a', '', '', 5, 1512567061, 0),
(61, 'admin56', 'a', '', '', 5, 1512567061, 0),
(62, 'admin57', 'a', '', '', 5, 1512567061, 0),
(63, 'admin58', 'a', '', '', 5, 1512567061, 0),
(64, 'admin59', 'a', '', '', 5, 1512567061, 0),
(65, 'admin60', 'a', '', '', 5, 1512567061, 0),
(66, 'admin61', 'a', '', '', 5, 1512567061, 0),
(67, 'admin62', 'a', '', '', 5, 1512567061, 0),
(68, 'admin63', 'a', '', '', 5, 1512567061, 0),
(69, 'admin64', 'a', '', '', 5, 1512567061, 0),
(70, 'admin65', 'a', '', '', 5, 1512567061, 0),
(71, 'admin66', 'a', '', '', 5, 1512567061, 0),
(72, 'admin67', 'a', '', '', 5, 1512567061, 0),
(73, 'admin68', 'a', '', '', 5, 1512567061, 0),
(74, 'admin69', 'a', '', '', 5, 1512567061, 0),
(75, 'admin70', 'a', '', '', 5, 1512567061, 0),
(76, 'admin71', 'a', '', '', 5, 1512567061, 0),
(77, 'admin72', 'a', '', '', 5, 1512567061, 0),
(78, 'admin73', 'a', '', '', 5, 1512567061, 0),
(79, 'admin74', 'a', '', '', 5, 1512567061, 0),
(80, 'admin75', 'a', '', '', 5, 1512567061, 0),
(81, 'admin76', 'a', '', '', 5, 1512567061, 0),
(82, 'admin77', 'a', '', '', 5, 1512567061, 0),
(83, 'admin78', 'a', '', '', 5, 1512567061, 0),
(84, 'admin79', 'a', '', '', 5, 1512567061, 0),
(85, 'admin80', 'a', '', '', 5, 1512567061, 0),
(86, 'admin81', 'a', '', '', 5, 1512567061, 0),
(87, 'admin82', 'a', '', '', 5, 1512567061, 0),
(88, 'admin83', 'a', '', '', 5, 1512567061, 0),
(89, 'admin84', 'a', '', '', 5, 1512567061, 0),
(90, 'admin85', 'a', '', '', 5, 1512567061, 0),
(91, 'admin86', 'a', '', '', 5, 1512567061, 0),
(92, 'admin87', 'a', '', '', 5, 1512567061, 0),
(93, 'admin88', 'a', '', '', 5, 1512567061, 0),
(94, 'admin89', 'a', '', '', 5, 1512567061, 0),
(95, 'admin90', 'a', '', '', 5, 1512567061, 0),
(96, 'admin91', 'a', '', '', 5, 1512567061, 0),
(97, 'admin92', 'a', '', '', 5, 1512567061, 0),
(98, 'admin93', 'a', '', '', 5, 1512567061, 0),
(99, 'admin94', 'a', '', '', 5, 1512567061, 0),
(100, 'admin95', 'a', '', '', 5, 1512567061, 0),
(101, 'admin96', 'a', '', '', 5, 1512567061, 0),
(102, 'admin97', 'a', '', '', 5, 1512567061, 0),
(103, 'admin98', 'a', '', '', 5, 1512567061, 0),
(104, 'admin99', 'a', '', '', 5, 1512567061, 0);

-- --------------------------------------------------------

--
-- 表的结构 `ke_admin_group`
--

CREATE TABLE IF NOT EXISTS `ke_admin_group` (
  `id` int(11) NOT NULL,
  `parent_id` int(11) NOT NULL DEFAULT '0',
  `name` varchar(20) COLLATE utf8_unicode_ci NOT NULL DEFAULT '',
  `content` varchar(255) COLLATE utf8_unicode_ci NOT NULL DEFAULT '',
  `create_time` int(11) NOT NULL DEFAULT '0',
  `update_time` int(11) NOT NULL DEFAULT '0',
  `valid` tinyint(1) NOT NULL DEFAULT '0'
) ENGINE=MyISAM AUTO_INCREMENT=11 DEFAULT CHARSET=utf8 COLLATE=utf8_unicode_ci;

--
-- 转存表中的数据 `ke_admin_group`
--

INSERT INTO `ke_admin_group` (`id`, `parent_id`, `name`, `content`, `create_time`, `update_time`, `valid`) VALUES
(1, 0, 'w', '', 0, 0, 0),
(2, 0, 'xs', '', 0, 0, 0),
(4, 0, 'qqqqqqqq', '', 1512446705, 1512446705, 0),
(5, 0, '测试', '', 1512538949, 1512538949, 0),
(6, 0, '测试w', '', 1512538974, 1512538974, 0),
(7, 0, 'qa', '', 1512539050, 1512539050, 0),
(8, 0, 'qar', '', 1512539099, 1512539099, 0),
(9, 0, 'q', '', 1512539373, 1512539373, 0),
(10, 6, 'qwe', '', 1512539408, 1512539408, 0);

-- --------------------------------------------------------

--
-- 表的结构 `ke_admin_log`
--

CREATE TABLE IF NOT EXISTS `ke_admin_log` (
  `id` varchar(32) COLLATE utf8_unicode_ci NOT NULL DEFAULT '',
  `desc` varchar(255) COLLATE utf8_unicode_ci NOT NULL DEFAULT '',
  `user_id` int(11) NOT NULL DEFAULT '0',
  `create_time` int(11) NOT NULL DEFAULT '0'
) ENGINE=MyISAM DEFAULT CHARSET=utf8 COLLATE=utf8_unicode_ci;

--
-- 转存表中的数据 `ke_admin_log`
--

INSERT INTO `ke_admin_log` (`id`, `desc`, `user_id`, `create_time`) VALUES
('5a289c3deb940094117893570', 'log_0', 1, 1512610877),
('5a289c3dec8e0094117337790', 'log_1', 1, 1512610877),
('5a289c3dec8e0094117280070', 'log_2', 1, 1512610877),
('5a289c3dec8e0094117820550', 'log_3', 1, 1512610877),
('5a289c3dec8e0094117146510', 'log_4', 1, 1512610877),
('5a289c3deccc8094117162370', 'log_5', 1, 1512610877),
('5a289c3deccc8094117125380', 'log_6', 1, 1512610877),
('5a289c3deccc8094117670330', 'log_7', 1, 1512610877),
('5a289c3deccc8094117876400', 'log_8', 1, 1512610877),
('5a289c3ded0b0094117883220', 'log_9', 1, 1512610877),
('5a289c3ded0b0094117694660', 'log_10', 1, 1512610877),
('5a289c3ded0b0094117236640', 'log_11', 1, 1512610877),
('5a289c3ded0b0094117899780', 'log_12', 1, 1512610877),
('5a289c3ded498094117262470', 'log_13', 1, 1512610877),
('5a289c3ded498094117792190', 'log_14', 1, 1512610877),
('5a289c3ded498094117196550', 'log_15', 1, 1512610877),
('5a289c3ded498094117747760', 'log_16', 1, 1512610877),
('5a289c3ded880094117405700', 'log_17', 1, 1512610877),
('5a289c3ded880094117330960', 'log_18', 1, 1512610877),
('5a289c3ded880094117805470', 'log_19', 1, 1512610877),
('5a289c3ded880094117481760', 'log_20', 1, 1512610877),
('5a289c3dedc68094117778420', 'log_21', 1, 1512610877),
('5a289c3dedc68094117158690', 'log_22', 1, 1512610877),
('5a289c3dedc68094117655240', 'log_23', 1, 1512610877),
('5a289c3dedc68094117749140', 'log_24', 1, 1512610877),
('5a289c3dee050094117335800', 'log_25', 1, 1512610877),
('5a289c3dee050094117724530', 'log_26', 1, 1512610877),
('5a289c3dee050094117997370', 'log_27', 1, 1512610877),
('5a289c3dee050094117550070', 'log_28', 1, 1512610877),
('5a289c3dee438094117144740', 'log_29', 1, 1512610877),
('5a289c3dee438094117130600', 'log_30', 1, 1512610877),
('5a289c3dee438094117122870', 'log_31', 1, 1512610877),
('5a289c3dee438094117775430', 'log_32', 1, 1512610877),
('5a289c3dee820094117209270', 'log_33', 1, 1512610877),
('5a289c3dee820094117550390', 'log_34', 1, 1512610877),
('5a289c3dee820094117982040', 'log_35', 1, 1512610877),
('5a289c3deec08094117640930', 'log_36', 1, 1512610877),
('5a289c3deec08094117724500', 'log_37', 1, 1512610877),
('5a289c3deec08094117304600', 'log_38', 1, 1512610877),
('5a289c3deec08094117609000', 'log_39', 1, 1512610877),
('5a289c3deeff0094117880330', 'log_40', 1, 1512610877),
('5a289c3deeff0094117450800', 'log_41', 1, 1512610877),
('5a289c3deeff0094117944260', 'log_42', 1, 1512610877),
('5a289c3deeff0094117460730', 'log_43', 1, 1512610877),
('5a289c3deeff0094117739600', 'log_44', 1, 1512610877),
('5a289c3def3d8094117710000', 'log_45', 1, 1512610877),
('5a289c3def3d8094117933260', 'log_46', 1, 1512610877),
('5a289c3def3d8094117621700', 'log_47', 1, 1512610877),
('5a289c3def7c1094117125300', 'log_48', 1, 1512610877),
('5a289c3def7c1094117598090', 'log_49', 1, 1512610877),
('5a289c3def7c1094117998200', 'log_50', 1, 1512610877),
('5a289c3def7c1094117707420', 'log_51', 1, 1512610877),
('5a289c3defba9094117312200', 'log_52', 1, 1512610877),
('5a289c3defba9094117476230', 'log_53', 1, 1512610877),
('5a289c3defba9094117349790', 'log_54', 1, 1512610877),
('5a289c3defba9094117569600', 'log_55', 1, 1512610877),
('5a289c3deff91094117807860', 'log_56', 1, 1512610877),
('5a289c3deff91094117762270', 'log_57', 1, 1512610877),
('5a289c3deff91094117181200', 'log_58', 1, 1512610877),
('5a289c3deff91094117788460', 'log_59', 1, 1512610877),
('5a289c3df0379094117165000', 'log_60', 1, 1512610877),
('5a289c3df0379094117329330', 'log_61', 1, 1512610877),
('5a289c3df0379094117626710', 'log_62', 1, 1512610877),
('5a289c3df0379094117638590', 'log_63', 1, 1512610877),
('5a289c3df0761094117390520', 'log_64', 1, 1512610877),
('5a289c3df0761094117269190', 'log_65', 1, 1512610877),
('5a289c3df0761094117961910', 'log_66', 1, 1512610877),
('5a289c3df0761094117461760', 'log_67', 1, 1512610877),
('5a289c3df0b49094117480520', 'log_68', 1, 1512610877),
('5a289c3df0b49094117452140', 'log_69', 1, 1512610877),
('5a289c3df0b49094117408950', 'log_70', 1, 1512610877),
('5a289c3df0b49094117660100', 'log_71', 1, 1512610877),
('5a289c3df0f31094117626200', 'log_72', 1, 1512610877),
('5a289c3df0f31094117372280', 'log_73', 1, 1512610877),
('5a289c3df0f31094117289300', 'log_74', 1, 1512610877),
('5a289c3df0f31094117849200', 'log_75', 1, 1512610877),
('5a289c3df0f31094117332670', 'log_76', 1, 1512610877),
('5a289c3df1319094117618900', 'log_77', 1, 1512610877),
('5a289c3df1319094117532830', 'log_78', 1, 1512610877),
('5a289c3df1319094117529400', 'log_79', 1, 1512610877),
('5a289c3df1319094117990640', 'log_80', 1, 1512610877),
('5a289c3df1701094117710130', 'log_81', 1, 1512610877),
('5a289c3df1701094117403950', 'log_82', 1, 1512610877),
('5a289c3df1701094117269610', 'log_83', 1, 1512610877),
('5a289c3df1701094117488110', 'log_84', 1, 1512610877),
('5a289c3df1ae9094117404730', 'log_85', 1, 1512610877),
('5a289c3df1ae9094117480500', 'log_86', 1, 1512610877),
('5a289c3df1ae9094117905400', 'log_87', 1, 1512610877),
('5a289c3df1ae9094117935620', 'log_88', 1, 1512610877),
('5a289c3df1ae9094117431370', 'log_89', 1, 1512610877),
('5a289c3df1ed1094117679600', 'log_90', 1, 1512610877),
('5a289c3df1ed1094117107560', 'log_91', 1, 1512610877),
('5a289c3df1ed1094117922090', 'log_92', 1, 1512610877),
('5a289c3df1ed1094117644340', 'log_93', 1, 1512610877),
('5a289c3df1ed1094117358230', 'log_94', 1, 1512610877),
('5a289c3df22b9094117858100', 'log_95', 1, 1512610877),
('5a289c3df22b9094117524700', 'log_96', 1, 1512610877),
('5a289c3df22b9094117568750', 'log_97', 1, 1512610877),
('5a289c3df22b9094117162560', 'log_98', 1, 1512610877),
('5a289c3df26a1094117192280', 'log_99', 1, 1512610877),
('5a289c3e55ece094118171620', 'log_0', 1, 1512610878),
('5a289c3e5763e094118508200', 'log_1', 1, 1512610878),
('5a289c3e5763e094118118930', 'log_2', 1, 1512610878),
('5a289c3e57a26094118478480', 'log_3', 1, 1512610878),
('5a289c3e57e0e094118697930', 'log_4', 1, 1512610878),
('5a289c3e57e0e094118494500', 'log_5', 1, 1512610878),
('5a289c3e581f6094118719240', 'log_6', 1, 1512610878),
('5a289c3e581f6094118761340', 'log_7', 1, 1512610878),
('5a289c3e585de094118594410', 'log_8', 1, 1512610878),
('5a289c3e585de094118449450', 'log_9', 1, 1512610878),
('5a289c3e585de094118505280', 'log_10', 1, 1512610878),
('5a289c3e585de094118367150', 'log_11', 1, 1512610878),
('5a289c3e589c6094118315930', 'log_12', 1, 1512610878),
('5a289c3e589c6094118618050', 'log_13', 1, 1512610878),
('5a289c3e589c6094118149890', 'log_14', 1, 1512610878),
('5a289c3e589c6094118314770', 'log_15', 1, 1512610878),
('5a289c3e58dae094118571760', 'log_16', 1, 1512610878),
('5a289c3e58dae094118192540', 'log_17', 1, 1512610878),
('5a289c3e58dae094118780580', 'log_18', 1, 1512610878),
('5a289c3e58dae094118301520', 'log_19', 1, 1512610878),
('5a289c3e58dae094118286370', 'log_20', 1, 1512610878),
('5a289c3e59196094118741500', 'log_21', 1, 1512610878),
('5a289c3e59196094118793450', 'log_22', 1, 1512610878),
('5a289c3e59196094118703200', 'log_23', 1, 1512610878),
('5a289c3e59196094118970320', 'log_24', 1, 1512610878),
('5a289c3e59196094118327900', 'log_25', 1, 1512610878),
('5a289c3e5957f094118355610', 'log_26', 1, 1512610878),
('5a289c3e5957f094118768880', 'log_27', 1, 1512610878),
('5a289c3e5957f094118450790', 'log_28', 1, 1512610878),
('5a289c3e5957f094118903350', 'log_29', 1, 1512610878),
('5a289c3e59967094118349220', 'log_30', 1, 1512610878),
('5a289c3e59967094118675130', 'log_31', 1, 1512610878),
('5a289c3e59d4f094118344520', 'log_32', 1, 1512610878),
('5a289c3e5a137094118171600', 'log_33', 1, 1512610878),
('5a289c3e5a51f094118845500', 'log_34', 1, 1512610878),
('5a289c3e5a51f094118827610', 'log_35', 1, 1512610878),
('5a289c3e5a907094118468320', 'log_36', 1, 1512610878),
('5a289c3e5a907094118530120', 'log_37', 1, 1512610878),
('5a289c3e5acef094118647510', 'log_38', 1, 1512610878),
('5a289c3e5acef094118492360', 'log_39', 1, 1512610878),
('5a289c3e5acef094118324080', 'log_40', 1, 1512610878),
('5a289c3e5b0d7094118775470', 'log_41', 1, 1512610878),
('5a289c3e5b0d7094118198140', 'log_42', 1, 1512610878),
('5a289c3e5b0d7094118924330', 'log_43', 1, 1512610878),
('5a289c3e5b0d7094118922790', 'log_44', 1, 1512610878),
('5a289c3e5b4bf094118789890', 'log_45', 1, 1512610878),
('5a289c3e5b4bf094118488780', 'log_46', 1, 1512610878),
('5a289c3e5b4bf094118951430', 'log_47', 1, 1512610878),
('5a289c3e5b4bf094118777130', 'log_48', 1, 1512610878),
('5a289c3e5b4bf094118576100', 'log_49', 1, 1512610878),
('5a289c3e5b8a7094118380410', 'log_50', 1, 1512610878),
('5a289c3e5b8a7094118748720', 'log_51', 1, 1512610878),
('5a289c3e5b8a7094118444430', 'log_52', 1, 1512610878),
('5a289c3e5b8a7094118553140', 'log_53', 1, 1512610878),
('5a289c3e5b8a7094118649700', 'log_54', 1, 1512610878),
('5a289c3e5bc8f094118616440', 'log_55', 1, 1512610878),
('5a289c3e5bc8f094118548150', 'log_56', 1, 1512610878),
('5a289c3e5bc8f094118965970', 'log_57', 1, 1512610878),
('5a289c3e5bc8f094118972120', 'log_58', 1, 1512610878),
('5a289c3e5bc8f094118100950', 'log_59', 1, 1512610878),
('5a289c3e5c077094118478330', 'log_60', 1, 1512610878),
('5a289c3e5c077094118102200', 'log_61', 1, 1512610878),
('5a289c3e5c077094118603850', 'log_62', 1, 1512610878),
('5a289c3e5c077094118518430', 'log_63', 1, 1512610878),
('5a289c3e5c077094118822050', 'log_64', 1, 1512610878),
('5a289c3e5c45f094118670240', 'log_65', 1, 1512610878),
('5a289c3e5c45f094118673530', 'log_66', 1, 1512610878),
('5a289c3e5c45f094118799680', 'log_67', 1, 1512610878),
('5a289c3e5c45f094118235980', 'log_68', 1, 1512610878),
('5a289c3e5c45f094118716670', 'log_69', 1, 1512610878),
('5a289c3e5c847094118427730', 'log_70', 1, 1512610878),
('5a289c3e5c847094118209140', 'log_71', 1, 1512610878),
('5a289c3e5c847094118411250', 'log_72', 1, 1512610878),
('5a289c3e5c847094118590700', 'log_73', 1, 1512610878),
('5a289c3e5c847094118489070', 'log_74', 1, 1512610878),
('5a289c3e5cc2f094118508600', 'log_75', 1, 1512610878),
('5a289c3e5cc2f094118749400', 'log_76', 1, 1512610878),
('5a289c3e5cc2f094118973490', 'log_77', 1, 1512610878),
('5a289c3e5d3ff094118617880', 'log_78', 1, 1512610878),
('5a289c3e5d7e8094118759500', 'log_79', 1, 1512610878),
('5a289c3e5d7e8094118262260', 'log_80', 1, 1512610878),
('5a289c3e5dbd0094118380210', 'log_81', 1, 1512610878),
('5a289c3e5dbd0094118733200', 'log_82', 1, 1512610878),
('5a289c3e5dfb8094118685560', 'log_83', 1, 1512610878),
('5a289c3e5dfb8094118556500', 'log_84', 1, 1512610878),
('5a289c3e5e3a0094118915780', 'log_85', 1, 1512610878),
('5a289c3e5e3a0094118426600', 'log_86', 1, 1512610878),
('5a289c3e5e788094118180230', 'log_87', 1, 1512610878),
('5a289c3e5e788094118940390', 'log_88', 1, 1512610878),
('5a289c3e5e788094118251870', 'log_89', 1, 1512610878),
('5a289c3e5e788094118791700', 'log_90', 1, 1512610878),
('5a289c3e5eb70094118647800', 'log_91', 1, 1512610878),
('5a289c3e5eb70094118246110', 'log_92', 1, 1512610878),
('5a289c3e5eb70094118890800', 'log_93', 1, 1512610878),
('5a289c3e5eb70094118820510', 'log_94', 1, 1512610878),
('5a289c3e5eb70094118224910', 'log_95', 1, 1512610878),
('5a289c3e5ef58094118212200', 'log_96', 1, 1512610878),
('5a289c3e5ef58094118900000', 'log_97', 1, 1512610878),
('5a289c3e5ef58094118684080', 'log_98', 1, 1512610878),
('5a289c3e5ef58094118696960', 'log_99', 1, 1512610878),
('5a28a96d93bf3103733975870', '删除角色ID：6', 1, 1512614253),
('5a28b3b393242112123210300', '修改站点设置', 1, 1512616883),
('5a28b451ac8ad112401810990', '设置角色ID：4', 1, 1512617041),
('5a28bd0206d35120105667000', '修改站点设置', 1, 1512619265),
('5a28c97d7a0a5125421704120', '设置角色ID：4', 1, 1512622461),
('5a28cdb6c7a98131222383190', '设置角色ID：4', 1, 1512623542),
('5a28d4a3bd438134155338670', '登录系统', 1, 1512625315),
('5a28d4da03fc6134249129180', '设置角色ID：4', 1, 1512625369),
('5a28eecd42862153333861540', '登录系统', 1, 1512632013),
('5a28efca7b09e153746999510', '设置角色ID：4', 1, 1512632266),
('5a28f105d5de4154301232500', '设置角色ID：4', 1, 1512632581),
('5a28f204209ab154716846110', '设置角色ID：4', 1, 1512632836),
('5a2923c6ba15b191934542100', '登录系统', 1, 1512645574),
('5a2924f0e6c33192432506360', '设置会员组ID：2', 1, 1512645872),
('5a292e35b3fb3200405582860', '设置会员组ID：1', 1, 1512648245),
('5a293cab6ce30210547369190', '修改会员ID：A151263726925119287', 1, 1512651947),
('5a293cb3cb9d0210555880010', '修改会员ID：A151263726925119287', 1, 1512651955),
('5a293f02ea218211546582310', '修改会员ID：1', 1, 1512652546),
('5a293f2e81650211630190040', '修改会员ID：1', 1, 1512652590),
('5a293f4c251c0211659180220', '修改会员ID：1', 1, 1512652619),
('5a293f7f10d88211750919450', '修改会员ID：1', 1, 1512652670),
('5a293f9090c68211808297530', '修改会员ID：1', 1, 1512652688),
('5a294038518b0212056658680', '设置会员组ID：3', 1, 1512652856),
('5a2940481b198212111334620', '设置会员组ID：3', 1, 1512652871),
('5a29405372420212123764720', '修改会员ID：1', 1, 1512652883),
('5a294060ad188212136357740', '修改会员ID：1', 1, 1512652896),
('5a2941aaaf898212706534210', '修改会员ID：1', 1, 1512653226),
('5a294e4a12110222057137320', '修改会员ID：1', 1, 1512656457),
('5a29535ae3c88224234359840', '修改会员ID：1', 1, 1512657754),
('5a2960f36e1b8234035727010', '设置角色ID：4', 1, 1512661235);

-- --------------------------------------------------------

--
-- 表的结构 `ke_admin_role`
--

CREATE TABLE IF NOT EXISTS `ke_admin_role` (
  `id` int(11) NOT NULL,
  `group_id` int(11) NOT NULL DEFAULT '0',
  `name` varchar(20) COLLATE utf8_unicode_ci NOT NULL DEFAULT '',
  `content` varchar(255) COLLATE utf8_unicode_ci NOT NULL DEFAULT ''
) ENGINE=MyISAM AUTO_INCREMENT=8 DEFAULT CHARSET=utf8 COLLATE=utf8_unicode_ci;

--
-- 转存表中的数据 `ke_admin_role`
--

INSERT INTO `ke_admin_role` (`id`, `group_id`, `name`, `content`) VALUES
(4, 0, '管理员', ''),
(5, 0, '15', ''),
(7, 1, '50', '');

-- --------------------------------------------------------

--
-- 表的结构 `ke_admin_rule`
--

CREATE TABLE IF NOT EXISTS `ke_admin_rule` (
  `id` int(11) NOT NULL,
  `parent_id` int(11) NOT NULL DEFAULT '0',
  `name` varchar(20) COLLATE utf8_unicode_ci NOT NULL DEFAULT '' COMMENT '绑定URL',
  `title` varchar(50) COLLATE utf8_unicode_ci NOT NULL DEFAULT '' COMMENT '规则中文名',
  `controller` varchar(20) COLLATE utf8_unicode_ci NOT NULL DEFAULT '' COMMENT '规则'
) ENGINE=MyISAM AUTO_INCREMENT=10 DEFAULT CHARSET=utf8 COLLATE=utf8_unicode_ci;

--
-- 转存表中的数据 `ke_admin_rule`
--

INSERT INTO `ke_admin_rule` (`id`, `parent_id`, `name`, `title`, `controller`) VALUES
(1, 0, 'sys', '系统', 'sys'),
(2, 1, 'setting/system', '系统设置', 'setting/system'),
(3, 1, 'auth.group/lists', '权限设置', 'auth.group/*'),
(4, 1, 'auth.manage/lists', '管理员管理', 'auth.manage/*'),
(5, 1, 'auth.log/lists', '日志管理', 'auth.log/*'),
(6, 0, 'user', '会员', 'user'),
(7, 6, 'user.group/lists', '用户组管理', 'user.group/*'),
(8, 6, 'user/lists', '会员管理', 'user/*'),
(9, 6, 'user.finance/lists', '财务记录', 'user.finance/*');

-- --------------------------------------------------------

--
-- 表的结构 `ke_admin_rule_access`
--

CREATE TABLE IF NOT EXISTS `ke_admin_rule_access` (
  `role_id` int(11) NOT NULL DEFAULT '0',
  `rule_id` int(11) NOT NULL DEFAULT '0'
) ENGINE=MyISAM DEFAULT CHARSET=utf8 COLLATE=utf8_unicode_ci;

--
-- 转存表中的数据 `ke_admin_rule_access`
--

INSERT INTO `ke_admin_rule_access` (`role_id`, `rule_id`) VALUES
(1, 1),
(1, 2),
(1, 3),
(1, 4),
(1, 5),
(4, 8),
(4, 7),
(4, 6),
(4, 5),
(4, 4),
(4, 3),
(4, 2),
(4, 1),
(4, 9);

-- --------------------------------------------------------

--
-- 表的结构 `ke_site`
--

CREATE TABLE IF NOT EXISTS `ke_site` (
  `id` int(11) NOT NULL,
  `use` tinyint(1) NOT NULL DEFAULT '0',
  `status` tinyint(2) NOT NULL DEFAULT '0' COMMENT '站点状态',
  `title` varchar(50) COLLATE utf8_unicode_ci NOT NULL DEFAULT '' COMMENT '站点标题',
  `keywords` varchar(255) COLLATE utf8_unicode_ci NOT NULL DEFAULT '',
  `description` varchar(255) COLLATE utf8_unicode_ci NOT NULL DEFAULT '',
  `closedesc` varchar(255) COLLATE utf8_unicode_ci NOT NULL DEFAULT ''
) ENGINE=MyISAM AUTO_INCREMENT=2 DEFAULT CHARSET=utf8 COLLATE=utf8_unicode_ci;

--
-- 转存表中的数据 `ke_site`
--

INSERT INTO `ke_site` (`id`, `use`, `status`, `title`, `keywords`, `description`, `closedesc`) VALUES
(1, 1, 0, '默认站点', '', '', 'w');

-- --------------------------------------------------------

--
-- 表的结构 `ke_users`
--

CREATE TABLE IF NOT EXISTS `ke_users` (
  `id` bigint(20) NOT NULL,
  `user` varchar(20) COLLATE utf8_unicode_ci NOT NULL DEFAULT '' COMMENT '账号',
  `pass` varchar(32) COLLATE utf8_unicode_ci NOT NULL DEFAULT '' COMMENT '密码',
  `private` varchar(10) COLLATE utf8_unicode_ci NOT NULL DEFAULT '',
  `token` varchar(32) COLLATE utf8_unicode_ci NOT NULL DEFAULT '',
  `nick` varchar(20) COLLATE utf8_unicode_ci NOT NULL DEFAULT '' COMMENT '昵称',
  `group_id` int(11) NOT NULL DEFAULT '0' COMMENT '用户组',
  `sex` tinyint(1) NOT NULL DEFAULT '0' COMMENT '性别',
  `age` tinyint(2) NOT NULL DEFAULT '0' COMMENT '年龄',
  `money` decimal(10,2) NOT NULL DEFAULT '0.00' COMMENT '金额',
  `status` tinyint(2) NOT NULL DEFAULT '0' COMMENT '状态值',
  `create_time` int(11) NOT NULL DEFAULT '0',
  `update_time` int(11) NOT NULL DEFAULT '0',
  `integral` int(11) NOT NULL DEFAULT '0' COMMENT '积分',
  `headimg` varchar(255) COLLATE utf8_unicode_ci NOT NULL DEFAULT '' COMMENT '头像'
) ENGINE=MyISAM AUTO_INCREMENT=201 DEFAULT CHARSET=utf8 COLLATE=utf8_unicode_ci;

--
-- 转存表中的数据 `ke_users`
--

INSERT INTO `ke_users` (`id`, `user`, `pass`, `private`, `token`, `nick`, `group_id`, `sex`, `age`, `money`, `status`, `create_time`, `update_time`, `integral`, `headimg`) VALUES
(1, 'user1', 'b523f761aef9f2370bba2fdd3297e61e', 'bpm0dg6tqv', '', 'nick1', 3, 0, 39, '1168.00', 1, 1512637269, 0, 7953, ''),
(2, 'user2', '2e8de01d9c19396e1bbcc99d5c65dfb4', 'f7huzzncm', '', 'nick2', 2, 0, 17, '0.00', 0, 1512637269, 0, 560, ''),
(3, 'user3', 'f50680885e31b2c686f6a5fdd9ccdb8e', '38nu313brh', '', 'nick3', 2, 0, 95, '0.00', 0, 1512637269, 0, 3215, ''),
(4, 'user4', 'd598b70d2ec061d6ced0d5fd770f72e2', 'ofofmig29y', '', 'nick4', 2, 0, 35, '0.00', 0, 1512637269, 0, 6514, ''),
(5, 'user5', '1d3fbd29f6450ae66b15fc9efeb6e378', 'w1q5ygevo', '', 'nick5', 2, 1, 22, '0.00', 0, 1512637269, 0, 5157, ''),
(6, 'user6', '70dcf9cc8a8830851e67cdfe6a4b5964', 'x74yo9ozv0', '', 'nick6', 2, 1, 72, '0.00', 0, 1512637269, 0, 426, ''),
(7, 'user7', 'f02555fe53f52277d6c7dbddfd0ab4e2', 'vzbmfkci84', '', 'nick7', 2, 0, 33, '0.00', 0, 1512637269, 0, 1944, ''),
(8, 'user8', '58d21af8c5deed39d1aaf6c7915adf6c', '32j092sm3', '', 'nick8', 2, 1, 24, '0.00', 0, 1512637269, 0, 4540, ''),
(9, 'user9', '40c6f4388964da02f5b99b748da4fdc8', 'iiu318wo3i', '', 'nick9', 2, 1, 98, '0.00', 0, 1512637269, 0, 4676, ''),
(10, 'user10', '883caf0a02ae5e3d5564dba33464d2ff', 'm658066tvk', '', 'nick10', 3, 1, 50, '0.00', 0, 1512637269, 0, 8384, ''),
(11, 'user11', '90431a44796cee78f77b14a903291706', 'w9imozu31x', '', 'nick11', 2, 1, 81, '0.00', 0, 1512637269, 0, 3727, ''),
(12, 'user12', '14693ce6ace8f2204626a7d6ffb582ca', '286quwzn8b', '', 'nick12', 2, 1, 40, '0.00', 0, 1512637269, 0, 5972, ''),
(13, 'user13', '1cf54a2e061b79945a8fc22768d22f43', 'wfv7dpbkju', '', 'nick13', 2, 1, 65, '0.00', 0, 1512637269, 0, 1403, ''),
(14, 'user14', '1509a595d9479ae49af9963e1914bd31', '2m7uqc2qn', '', 'nick14', 2, 1, 6, '0.00', 0, 1512637269, 0, 6177, ''),
(15, 'user15', '3874f2b8d59bd196e4bf52c3856faeb7', 'hnjiin74tq', '', 'nick15', 2, 0, 40, '0.00', 0, 1512637269, 0, 4895, ''),
(16, 'user16', '85a97304182aead8a8b0c91ae44a627e', 'h2sgqisjpe', '', 'nick16', 2, 1, 39, '0.00', 0, 1512637269, 0, 6748, ''),
(17, 'user17', '57b380fa16523167f1e81b1cc4e476ef', 'uq7qzwx5qs', '', 'nick17', 3, 1, 64, '0.00', 0, 1512637269, 0, 9504, ''),
(18, 'user18', 'c08e4491fcbbf2763564c97eed52a23b', '3mmjs44siq', '', 'nick18', 3, 1, 39, '0.00', 0, 1512637269, 0, 7625, ''),
(19, 'user19', '3e725ae454d4af0c2b428aa99f26b8da', '9866pubjk3', '', 'nick19', 2, 1, 87, '0.00', 0, 1512637269, 0, 6681, ''),
(20, 'user20', '97d59c7731f66335e0ac23d643071ff4', 'tb57frpblg', '', 'nick20', 2, 1, 95, '0.00', 0, 1512637269, 0, 6246, ''),
(21, 'user21', '9213480c34d39c358be165c0b141f44a', '2c6ftghqui', '', 'nick21', 3, 1, 25, '0.00', 0, 1512637269, 0, 8199, ''),
(22, 'user22', 'eebdfba9aa4e64e6eda0f7c096ba6426', '0z7q0y7g2n', '', 'nick22', 2, 1, 50, '0.00', 0, 1512637269, 0, 6375, ''),
(23, 'user23', 'a5566e914b1686a7e7ae803eaf556c93', '9wovbx9udv', '', 'nick23', 3, 1, 73, '0.00', 0, 1512637269, 0, 9572, ''),
(24, 'user24', '471f19cf1317a8e9ca780314a11dca30', '77uysl0i', '', 'nick24', 2, 0, 52, '0.00', 0, 1512637269, 0, 1681, ''),
(25, 'user25', '110271596638beecd44d5ed0315686dc', '98ddy6ei19', '', 'nick25', 2, 0, 18, '0.00', 0, 1512637269, 0, 4111, ''),
(26, 'user26', '57e42491385c677cd3b01a324ae0669d', 'gr8i4qwwfr', '', 'nick26', 2, 0, 89, '0.00', 0, 1512637269, 0, 6814, ''),
(27, 'user27', '7ff365eb4438d3b6cc609943aab45634', 'niqjfkwwe4', '', 'nick27', 3, 1, 94, '0.00', 0, 1512637269, 0, 8378, ''),
(28, 'user28', 'cfb0743ff4adbd302363bc9703d95666', 'x96s81s03y', '', 'nick28', 2, 0, 51, '0.00', 0, 1512637269, 0, 1278, ''),
(29, 'user29', 'a47bd7ed7b372fdd9014e6448591ebb0', 'pk39hxe7ze', '', 'nick29', 2, 1, 27, '0.00', 0, 1512637269, 0, 1757, ''),
(30, 'user30', '80b0f1ca514396ad7cd4d1e1da7d4a45', '0nlym8r21j', '', 'nick30', 2, 1, 47, '0.00', 0, 1512637269, 0, 2020, ''),
(31, 'user31', '69333953578074721fbabb540c9c40b3', '32klrnfe0i', '', 'nick31', 2, 1, 31, '0.00', 0, 1512637269, 0, 2352, ''),
(32, 'user32', '168e72b8bac8410ef015cda35919d6f3', 'zxiqh41sd', '', 'nick32', 3, 0, 36, '0.00', 0, 1512637269, 0, 7530, ''),
(33, 'user33', 'e07aa2945e0036e37d82d2be70e1643c', 'g7djl1cmtm', '', 'nick33', 2, 1, 47, '0.00', 0, 1512637269, 0, 120, ''),
(34, 'user34', 'e2f88cc83178dca90e056995358e8e64', 'yojni0m6wz', '', 'nick34', 2, 1, 57, '0.00', 0, 1512637269, 0, 6794, ''),
(35, 'user35', 'b5866d61e9f813bf605faf62922cda43', 'dxo2qjnqsd', '', 'nick35', 2, 1, 47, '0.00', 0, 1512637269, 0, 5088, ''),
(36, 'user36', '78d7ac2f83cdda96001626353a76d35f', 'wtwt3dedbk', '', 'nick36', 2, 0, 21, '0.00', 0, 1512637269, 0, 1132, ''),
(37, 'user37', '2327228b7ba944f2325f68ac6ec28011', 'c94uo83yd', '', 'nick37', 3, 1, 91, '0.00', 0, 1512637269, 0, 9609, ''),
(38, 'user38', '21d853979501adccadc08677fdb98724', 'j6p8p51c0', '', 'nick38', 3, 1, 56, '0.00', 0, 1512637269, 0, 7524, ''),
(39, 'user39', '6a9bbd323cf2ae1636a4f0f110836b28', 'jwjn8t7j68', '', 'nick39', 2, 1, 17, '0.00', 0, 1512637269, 0, 5424, ''),
(40, 'user40', 'fd0d6240c0cfd6ee969b9c62d98e080b', 'inx6zodrjh', '', 'nick40', 2, 1, 89, '0.00', 0, 1512637269, 0, 3769, ''),
(41, 'user41', '4c5045bd885cd2e006a3b3dbb0ded899', '5wn26uieo2', '', 'nick41', 3, 0, 56, '0.00', 0, 1512637269, 0, 7511, ''),
(42, 'user42', 'd90854bde5db7bea7ad2b58931dbe3c5', 'qr5yfjojik', '', 'nick42', 2, 1, 35, '0.00', 0, 1512637269, 0, 2798, ''),
(43, 'user43', '5d543d57d53242814baee47e9cec3a1e', 'cojchktb5s', '', 'nick43', 2, 0, 17, '0.00', 0, 1512637269, 0, 3155, ''),
(44, 'user44', '2c16ddd34d864a7bfc395b1f5ec78cf5', 'bcl55cl0qr', '', 'nick44', 2, 1, 87, '0.00', 0, 1512637269, 0, 4446, ''),
(45, 'user45', '0d7d0a0724bd325225f823cfb9fb9a6a', 'rfgus7xm9', '', 'nick45', 2, 1, 68, '0.00', 0, 1512637269, 0, 3450, ''),
(46, 'user46', 'f2a19f89173c1190e7a264b099fc99ae', 'gjwpbq1wmz', '', 'nick46', 2, 1, 86, '0.00', 0, 1512637269, 0, 6453, ''),
(47, 'user47', '299e74dcffe93511e12d8cc7bdbcbdce', 'omgz1cixi', '', 'nick47', 2, 0, 11, '0.00', 0, 1512637269, 0, 4298, ''),
(48, 'user48', '93d81bb19401a518e19f9c781d77ba68', '5n9tgxnhl3', '', 'nick48', 2, 0, 76, '0.00', 0, 1512637269, 0, 571, ''),
(49, 'user49', '5d6bcb392c9466b44cbcebf24b289518', 'sc79shufmf', '', 'nick49', 2, 1, 21, '0.00', 0, 1512637269, 0, 3496, ''),
(50, 'user50', '6411f077fb6fa2be15f2ef49e22abd67', '49l5cwyp3x', '', 'nick50', 3, 0, 88, '0.00', 0, 1512637269, 0, 8162, ''),
(51, 'user51', '770abaf6d49c83eb15e7e2ccc11e2ad8', 'xnu6zohqhm', '', 'nick51', 2, 0, 98, '0.00', 0, 1512637269, 0, 3805, ''),
(52, 'user52', '19f4f01afc93942dfae403f3eec27915', 'f99fsj6dep', '', 'nick52', 3, 0, 90, '0.00', 0, 1512637269, 0, 8220, ''),
(53, 'user53', '8bd0ff7c5f60d108849896f4c75af72b', 'y4mtfdviuo', '', 'nick53', 2, 0, 28, '0.00', 0, 1512637269, 0, 1041, ''),
(54, 'user54', 'b9ddc0bb95269b3bbab48bde067a96e8', 'znvrxzbv2', '', 'nick54', 2, 0, 55, '0.00', 0, 1512637269, 0, 5545, ''),
(55, 'user55', '0ebb45f299d7edf93c2c8e2e9c3f933c', '368vvuu2nu', '', 'nick55', 2, 1, 89, '0.00', 0, 1512637269, 0, 6636, ''),
(56, 'user56', 'e9fc32932872a0c4e715a1ae4ab50995', 'qs1568dwe5', '', 'nick56', 2, 1, 10, '0.00', 0, 1512637269, 0, 4328, ''),
(57, 'user57', '39836d7c0f47e60a638a872f3c7f0048', 'lmvzi2js5', '', 'nick57', 2, 0, 92, '0.00', 0, 1512637269, 0, 1553, ''),
(58, 'user58', '4e8433f222a11fc6fa8ec77d4ebbd294', 'x9tn3u2mec', '', 'nick58', 3, 1, 12, '0.00', 0, 1512637269, 0, 9707, ''),
(59, 'user59', 'e17a4b6aa317dbfdc6f7e242486b1e2b', '34yiyugec', '', 'nick59', 2, 0, 36, '0.00', 0, 1512637269, 0, 4971, ''),
(60, 'user60', '9049d2ecedb36a172bdcf6c1efe6775d', 'wtnprvmir8', '', 'nick60', 2, 0, 35, '0.00', 0, 1512637269, 0, 1598, ''),
(61, 'user61', '1b649aafe5378c2d59612ae51825290e', 'xw7ljbe94', '', 'nick61', 3, 1, 92, '0.00', 0, 1512637269, 0, 7628, ''),
(62, 'user62', '54ebf4ddb74704773f8b7f1ebd780a95', 'w7srtgixs', '', 'nick62', 2, 0, 66, '0.00', 0, 1512637269, 0, 202, ''),
(63, 'user63', '938a414ec2ee700657b4a68fbe1f69ca', 'k5t447g5my', '', 'nick63', 3, 1, 12, '0.00', 0, 1512637269, 0, 7576, ''),
(64, 'user64', '02e9926a6766409fd635221eb404d547', 'gr776o3we5', '', 'nick64', 2, 0, 81, '0.00', 0, 1512637269, 0, 2265, ''),
(65, 'user65', '2c096744ad67e11a4096b20f45245e30', 'wjynuxh5n5', '', 'nick65', 2, 1, 28, '0.00', 0, 1512637269, 0, 4297, ''),
(66, 'user66', '8f229b3e913a6b55d53359640718a12b', '9xk7m2kmb', '', 'nick66', 2, 0, 22, '0.00', 0, 1512637269, 0, 3449, ''),
(67, 'user67', 'c7d0b1920d63859bfcbfb334b2d46a44', 'dgwf1vt4y7', '', 'nick67', 2, 1, 35, '0.00', 0, 1512637269, 0, 5998, ''),
(68, 'user68', 'd8d8e4db3198de4eeba5fddaadaabe28', '26313h095r', '', 'nick68', 2, 1, 59, '0.00', 0, 1512637269, 0, 4619, ''),
(69, 'user69', '38d642143789ac49af9d19e6526aa867', 'v9py8k9xd1', '', 'nick69', 2, 1, 26, '0.00', 0, 1512637269, 0, 6721, ''),
(70, 'user70', 'b80b990053392570b11c3031fe95ed76', 'w2ehy0e6v', '', 'nick70', 2, 0, 17, '0.00', 0, 1512637269, 0, 2294, ''),
(71, 'user71', '001d6df40986d7a2f2fcdeb33a87068d', 'ydh8snc5yo', '', 'nick71', 3, 0, 57, '0.00', 0, 1512637269, 0, 9510, ''),
(72, 'user72', 'acddf34d6dadc76327726c5249d624b6', 'qrzpjky2pu', '', 'nick72', 3, 0, 58, '0.00', 0, 1512637269, 0, 7833, ''),
(73, 'user73', 'cfcfd7095f317d27e243e26687516394', '32t5sjt8hm', '', 'nick73', 2, 0, 25, '0.00', 0, 1512637269, 0, 167, ''),
(74, 'user74', 'a50117d9240ffe957a83f366c09c35a1', 'jftggkkgzn', '', 'nick74', 2, 1, 66, '0.00', 0, 1512637269, 0, 4017, ''),
(75, 'user75', '358cf5705c12505632d30cfe950d2e9b', 'yupppbe8rx', '', 'nick75', 2, 1, 15, '0.00', 0, 1512637269, 0, 4229, ''),
(76, 'user76', '1a9dbadc18ffb9df2e904a3dd9bc42f1', 'wbilpsnmdh', '', 'nick76', 2, 1, 55, '0.00', 0, 1512637269, 0, 5371, ''),
(77, 'user77', '75a0221950d4c8dea89200ab40cfa516', 'm30i11zwnl', '', 'nick77', 2, 1, 87, '0.00', 0, 1512637269, 0, 5931, ''),
(78, 'user78', 'b754e0f896fa0c65fa6a6c2e210f8791', 'rurfiii0o9', '', 'nick78', 2, 0, 70, '0.00', 0, 1512637269, 0, 4512, ''),
(79, 'user79', 'b63c3b3361c6ac1017ddbd40124723e7', 'ch3qm90n98', '', 'nick79', 3, 0, 34, '0.00', 0, 1512637269, 0, 7416, ''),
(80, 'user80', '37ad7283d0856513baf00c8f26a0b488', 'q4n8eion9d', '', 'nick80', 2, 0, 39, '0.00', 0, 1512637269, 0, 1562, ''),
(81, 'user81', '3b9415f50c30b36e719b8fdcdf6e1843', 'mjchg5gcvz', '', 'nick81', 3, 0, 9, '0.00', 0, 1512637269, 0, 9562, ''),
(82, 'user82', '241d3b94c863d7d2257483bd73e4a5d2', '9v6ekvdq5x', '', 'nick82', 2, 1, 12, '0.00', 0, 1512637269, 0, 320, ''),
(83, 'user83', '877a23b94e0b7ba39942390490dafc13', '5wf8o19fw2', '', 'nick83', 3, 0, 10, '0.00', 0, 1512637269, 0, 7790, ''),
(84, 'user84', 'dcb5fdf184f2ee1d15dd36b781aad027', 'l5ryc16i86', '', 'nick84', 2, 0, 80, '0.00', 0, 1512637269, 0, 5074, ''),
(85, 'user85', 'a5455c86ddc61ffe86100cce527dfc41', 'y9s7egomkl', '', 'nick85', 2, 1, 13, '0.00', 0, 1512637269, 0, 5424, ''),
(86, 'user86', 'f0de60b4c6dec6a1b05f780244649fb5', 'gh7jhhifz', '', 'nick86', 2, 1, 6, '0.00', 0, 1512637269, 0, 1084, ''),
(87, 'user87', '84e0ccc37901b759277e550fddd69f72', 'le90t63r85', '', 'nick87', 3, 1, 52, '0.00', 0, 1512637269, 0, 7780, ''),
(88, 'user88', '25e6ac9f2eec93110d7dc4927be4931c', '5h0kpf2j', '', 'nick88', 3, 1, 65, '0.00', 0, 1512637269, 0, 9213, ''),
(89, 'user89', 'd76c752be1cf21c06992b4f75728f12c', 'bsw0xcy6js', '', 'nick89', 3, 1, 14, '0.00', 0, 1512637269, 0, 9994, ''),
(90, 'user90', '93c24889e137fe207e85eddcdbf9dfef', 'kvh73z0z1o', '', 'nick90', 2, 0, 29, '0.00', 0, 1512637269, 0, 5257, ''),
(91, 'user91', '6d8b78f5f1d2aabc89824a608f030590', '5y8dxu1fc', '', 'nick91', 2, 0, 68, '0.00', 0, 1512637269, 0, 5768, ''),
(92, 'user92', 'fc6bc83c81d1ddb859625c5e13146cc6', '6fg14inyye', '', 'nick92', 3, 0, 88, '0.00', 0, 1512637269, 0, 9416, ''),
(93, 'user93', '47360c5b2960fccaee813f7bd662bbb9', '0ru6jwmmm0', '', 'nick93', 2, 1, 73, '0.00', 0, 1512637269, 0, 683, ''),
(94, 'user94', 'de178e896e9874ce172e15ecd4d1c739', 'mk2tgsq0s', '', 'nick94', 3, 1, 69, '0.00', 0, 1512637269, 0, 8274, ''),
(95, 'user95', '768d0f7068c1aabe15941b530ddea027', '8lfgh36xz', '', 'nick95', 2, 0, 72, '0.00', 0, 1512637269, 0, 1328, ''),
(96, 'user96', '8eef01173ddeb26592d158706ab0a8d4', 'xtphuyhcpn', '', 'nick96', 2, 1, 34, '0.00', 0, 1512637269, 0, 834, ''),
(97, 'user97', 'e5dbf0421b9007e32a3f6900144a58f8', 'i4uk2kyxul', '', 'nick97', 2, 1, 71, '0.00', 0, 1512637269, 0, 511, ''),
(98, 'user98', '60b246c654f1b49dd2051ff6599baad6', 'tthkkn4rpm', '', 'nick98', 2, 0, 21, '0.00', 0, 1512637269, 0, 5480, ''),
(99, 'user99', '408f07172e03afd6102ffa54e4db1bd4', 'ovn3wnsnjp', '', 'nick99', 3, 0, 85, '0.00', 0, 1512637269, 0, 8063, ''),
(100, 'user100', '4773a1f0eb6e6842c1285655190d38fc', 'ogln7i7oon', '', 'nick100', 2, 0, 48, '0.00', 0, 1512637269, 0, 2465, ''),
(101, 'user1', 'd36e8a3e2906a616781f730936b81931', '0yt844jp61', '', 'nick1', 2, 0, 97, '0.00', 0, 1512637269, 0, 1185, ''),
(102, 'user2', '2da7e0ac3e3dbdb9140e00c70c5e2ffb', 'lpsnqxlxu2', '', 'nick2', 3, 1, 45, '0.00', 0, 1512637269, 0, 7281, ''),
(103, 'user3', '2af038246b106c314ddbf2923af8b050', 'mlkxnvio0c', '', 'nick3', 3, 0, 84, '0.00', 0, 1512637269, 0, 8787, ''),
(104, 'user4', '0cc267e9508e0ac7065e7bd6bdc97391', 'eqlen0oi51', '', 'nick4', 2, 0, 22, '0.00', 0, 1512637269, 0, 6670, ''),
(105, 'user5', '4f8019a4851cf72eac8731e6539bfb19', '3bni7tb114', '', 'nick5', 2, 0, 60, '0.00', 0, 1512637269, 0, 6419, ''),
(106, 'user6', 'd17b68e0db3ddbe3aaf8a3895173af86', 'rmdr065hpm', '', 'nick6', 2, 0, 18, '0.00', 0, 1512637269, 0, 901, ''),
(107, 'user7', 'e2b6df9744dc2be98d612dd11ceaab38', 'cdivgpf8fb', '', 'nick7', 2, 1, 64, '0.00', 0, 1512637269, 0, 2025, ''),
(108, 'user8', 'cdb8ce260c0ded3843d5ddc01c5c4340', 'fl9mphcxl9', '', 'nick8', 2, 0, 50, '0.00', 0, 1512637269, 0, 401, ''),
(109, 'user9', 'd5d6ebe288e0d0afa34d0426cd08a827', 'ye6hpfvzp3', '', 'nick9', 2, 0, 77, '0.00', 0, 1512637269, 0, 4590, ''),
(110, 'user10', '1135074966c600516699f848e9d452d6', 'zyf8vd7rdy', '', 'nick10', 2, 1, 29, '0.00', 0, 1512637269, 0, 4476, ''),
(111, 'user11', '752774a4d5b49570238b2060ecfca3a1', '24t5zhrvrj', '', 'nick11', 2, 1, 57, '0.00', 0, 1512637269, 0, 1871, ''),
(112, 'user12', 'c3a00d54699f595d6d7e8a96d4f4f392', 'q8w0r7z6b9', '', 'nick12', 3, 1, 34, '0.00', 0, 1512637269, 0, 8443, ''),
(113, 'user13', '87661588302a39a6fa21bdd2f9ac9b60', 'h1cetp8rg', '', 'nick13', 3, 0, 37, '0.00', 0, 1512637269, 0, 8620, ''),
(114, 'user14', 'b3467b44bab5182b7030fc3ee4414c5a', 'zuxvnnjm8t', '', 'nick14', 3, 0, 45, '0.00', 0, 1512637269, 0, 8876, ''),
(115, 'user15', '04be10dde6b791123c3add6b0813d495', '0gwvq4pg10', '', 'nick15', 2, 1, 20, '0.00', 0, 1512637269, 0, 889, ''),
(116, 'user16', 'c376d5b42266c3973f7a4e8cf91b0b16', 'm1p5b6flo', '', 'nick16', 3, 1, 35, '0.00', 0, 1512637269, 0, 8998, ''),
(117, 'user17', '8d5dc7986b15210a099fc836641fff14', 'g89lwx33l', '', 'nick17', 2, 0, 21, '0.00', 0, 1512637269, 0, 6486, ''),
(118, 'user18', '9f61dca184254830faf790ba8ae4aba8', 'fkriexrj8e', '', 'nick18', 2, 0, 1, '0.00', 0, 1512637269, 0, 1645, ''),
(119, 'user19', '6bebc5ec407ecb5b463d910fc5a4e360', '706ypqqhld', '', 'nick19', 2, 0, 24, '0.00', 0, 1512637269, 0, 5606, ''),
(120, 'user20', '64c936813d9016ba676511be074ccadd', 'bw6u9egbb0', '', 'nick20', 2, 1, 98, '0.00', 0, 1512637269, 0, 2119, ''),
(121, 'user21', 'b80fadb11747fced20a33ffd0f774e5c', 'izt59g78t5', '', 'nick21', 3, 0, 81, '0.00', 0, 1512637269, 0, 7630, ''),
(122, 'user22', 'd5dd9e8cae54c31ae981c240c5509090', 'ndkb9puc52', '', 'nick22', 2, 1, 18, '0.00', 0, 1512637269, 0, 456, ''),
(123, 'user23', 'cc6ba193aacef6b4d932a8a5c01a9ea9', '7ujtidny4x', '', 'nick23', 2, 0, 45, '0.00', 0, 1512637269, 0, 5494, ''),
(124, 'user24', '3234b30f7f2fba0c928c38cab66fae40', 'kxl8konnu', '', 'nick24', 2, 1, 94, '0.00', 0, 1512637269, 0, 1931, ''),
(125, 'user25', '9021b5af4ede658974c20413b287858a', '68mfyt1ii', '', 'nick25', 2, 0, 87, '0.00', 0, 1512637269, 0, 6498, ''),
(126, 'user26', 'a43c178c6391740010de38c1d7b0a6f8', 'b1rqoxzpr', '', 'nick26', 2, 1, 30, '0.00', 0, 1512637269, 0, 3713, ''),
(127, 'user27', '6cb193a6ae35cf8f464000a8d55cc652', 'zb4gnncpmk', '', 'nick27', 2, 1, 84, '0.00', 0, 1512637269, 0, 2672, ''),
(128, 'user28', '3ea6d30041b2253dbfba94b2a35baf5e', '9gjqzyfut2', '', 'nick28', 3, 1, 27, '0.00', 0, 1512637269, 0, 9806, ''),
(129, 'user29', 'b717c3a1bb0b9989cf7bfff3b128714e', 'idr8dpye9g', '', 'nick29', 2, 0, 55, '0.00', 0, 1512637269, 0, 5493, ''),
(130, 'user30', '8931796fbbf6acdf547a928c22dc9667', '4z04z1j9x', '', 'nick30', 2, 0, 9, '0.00', 0, 1512637269, 0, 4904, ''),
(131, 'user31', 'c986d46c4cb6732ce6630b6388c997c6', 'ulgmxmnux9', '', 'nick31', 3, 0, 34, '0.00', 0, 1512637269, 0, 8247, ''),
(132, 'user32', '0c32d6d00191e03abf198e474d5a52bc', 'l0tw0u3f', '', 'nick32', 2, 1, 50, '0.00', 0, 1512637269, 0, 6232, ''),
(133, 'user33', 'ef2b8a7cd7ca76b49a59ddf53ae15dce', 'x1ly5nn0t8', '', 'nick33', 3, 0, 77, '0.00', 0, 1512637269, 0, 8696, ''),
(134, 'user34', 'dc79c07eebc085f13e6117b2f0701b68', 'jv2n4083qk', '', 'nick34', 2, 0, 54, '0.00', 0, 1512637269, 0, 5957, ''),
(135, 'user35', '7a91ee05ce4a943b151b48c0efa0e992', '29k53wlvvt', '', 'nick35', 2, 1, 92, '0.00', 0, 1512637269, 0, 6472, ''),
(136, 'user36', '803c0be7ae7342ae98bc6156d9b02b5f', 'vc42g7lkf6', '', 'nick36', 2, 0, 4, '0.00', 0, 1512637269, 0, 1458, ''),
(137, 'user37', 'de8e53d45667d942f54ded5e2bf5dac5', '7r6xnnoist', '', 'nick37', 2, 1, 2, '0.00', 0, 1512637269, 0, 3529, ''),
(138, 'user38', '47276d8c40086770af595b1f1ab7f9d9', 'hpezw1ywip', '', 'nick38', 2, 1, 85, '0.00', 0, 1512637269, 0, 257, ''),
(139, 'user39', '45933b2e634fee09f8d2d286198d59df', 'yu6gb7rgw6', '', 'nick39', 2, 0, 55, '0.00', 0, 1512637269, 0, 4858, ''),
(140, 'user40', '59f15faca79d05ec5ffe4ff1a1dc86c0', 'vdtlkk7kkb', '', 'nick40', 2, 0, 29, '0.00', 0, 1512637269, 0, 6203, ''),
(141, 'user41', 'e52de8dd08454c409f988557a6e82cdb', 'utrfb2cio2', '', 'nick41', 3, 0, 85, '0.00', 0, 1512637269, 0, 7330, ''),
(142, 'user42', '97f25edc20e0fcb657bf74596393bff9', '2d9g60umjc', '', 'nick42', 2, 1, 64, '0.00', 0, 1512637269, 0, 5854, ''),
(143, 'user43', '759abb15696d78c2bd2728381ab6593a', 'ju68ceye2m', '', 'nick43', 2, 1, 48, '0.00', 0, 1512637269, 0, 5716, ''),
(144, 'user44', '90dd62334df1fbe56b8a712cbfe8abc7', 'y12gy5pu7d', '', 'nick44', 2, 0, 46, '0.00', 0, 1512637269, 0, 6429, ''),
(145, 'user45', 'dfd56f3606207638ed98a8b0a9fca044', '9mchz1req8', '', 'nick45', 2, 0, 21, '0.00', 0, 1512637269, 0, 5617, ''),
(146, 'user46', '648f4a44e80fa45cab159ee8891f098b', 'rtzv1rl03z', '', 'nick46', 3, 1, 8, '0.00', 0, 1512637269, 0, 9358, ''),
(147, 'user47', 'f1de5402416ddbbdcef9d558d38cf363', 'wjnl9xvwlq', '', 'nick47', 2, 1, 75, '0.00', 0, 1512637269, 0, 5130, ''),
(148, 'user48', '7b927d7c93738fbde57069d3904e6120', 'uy893cnqxy', '', 'nick48', 2, 0, 75, '0.00', 0, 1512637269, 0, 3992, ''),
(149, 'user49', '9f292ab5b073de4d34c5a4ff14f35245', 'gz8zhv5f74', '', 'nick49', 2, 0, 57, '0.00', 0, 1512637269, 0, 4894, ''),
(150, 'user50', '2b2d6a8b0225b8bd906bf9bbf3f03abf', 'xzuf7cfpqu', '', 'nick50', 2, 1, 79, '0.00', 0, 1512637269, 0, 1374, ''),
(151, 'user51', 'debbae24da5ec5b2eea3b6760a10e1c4', '5pqivglzlk', '', 'nick51', 3, 1, 51, '0.00', 0, 1512637269, 0, 9176, ''),
(152, 'user52', '2ebaf720c2412722b3dfd926cb8496b9', 'gbd1l8lupw', '', 'nick52', 2, 1, 39, '0.00', 0, 1512637269, 0, 6141, ''),
(153, 'user53', '7831ef2019b1f4b7b2b16aebb27330b7', 'yrnxodt4yc', '', 'nick53', 2, 0, 81, '0.00', 0, 1512637269, 0, 2401, ''),
(154, 'user54', 'dd82e99d1ff627cf94cc182cdcad7548', 'n0bb0g1j5f', '', 'nick54', 3, 1, 45, '0.00', 0, 1512637269, 0, 7499, ''),
(155, 'user55', 'd6ea8686378c24b8ab6669233393b8d4', 'g4zk8l9pwh', '', 'nick55', 3, 1, 15, '0.00', 0, 1512637269, 0, 7444, ''),
(156, 'user56', '50c9c53bedffd0d25bfbe9bb0107fbca', '7tzljwqt9y', '', 'nick56', 3, 0, 96, '0.00', 0, 1512637269, 0, 8741, ''),
(157, 'user57', 'bc2c583546392a1bd17fc118bbd43d9f', 'qlc4m8dhsi', '', 'nick57', 2, 1, 84, '0.00', 0, 1512637269, 0, 4504, ''),
(158, 'user58', 'b874231572653413e170d11fe8faa6e0', 'hfumqet5zu', '', 'nick58', 3, 0, 26, '0.00', 0, 1512637269, 0, 9071, ''),
(159, 'user59', '406e57cd7b8fc0acd0b6512a76f2f42c', 'ro2hs1ki10', '', 'nick59', 3, 0, 52, '0.00', 0, 1512637269, 0, 8156, ''),
(160, 'user60', 'e9b1d7acb29bb7f91de0d30ce522b928', 'hzjrx4wmjk', '', 'nick60', 3, 1, 61, '0.00', 0, 1512637269, 0, 7573, ''),
(161, 'user61', '608838bdb810bab9269ba5314fb1de17', 'ip1wtyituz', '', 'nick61', 2, 1, 14, '0.00', 0, 1512637269, 0, 1643, ''),
(162, 'user62', 'a2158a0455c09dcbf9d21bab0a5cab11', 'f4s53rvwf', '', 'nick62', 2, 0, 49, '0.00', 0, 1512637269, 0, 3556, ''),
(163, 'user63', '4692ee0fcce267ab410e533f7b965d15', '5qnqiz7ciw', '', 'nick63', 3, 1, 16, '0.00', 0, 1512637269, 0, 7149, ''),
(164, 'user64', '5ab0e5c3ec6e78dbb468f87eaef74454', '8jp6f4pv4c', '', 'nick64', 2, 0, 26, '0.00', 0, 1512637269, 0, 388, ''),
(165, 'user65', '469e42f3ddaa780e640ab3429d14429b', '2z1pu2rkkb', '', 'nick65', 2, 0, 60, '0.00', 0, 1512637269, 0, 3843, ''),
(166, 'user66', 'a0911cf515f5b8cdd00c2a84f7b33ab3', '0ql1mulr7j', '', 'nick66', 2, 0, 35, '0.00', 0, 1512637269, 0, 2172, ''),
(167, 'user67', '5c9d5dfb3c5615d74c12c7cc75be37bc', 'exekok3cyd', '', 'nick67', 3, 0, 88, '0.00', 0, 1512637269, 0, 7292, ''),
(168, 'user68', 'dd9f529dcbb3a5810e085deb6f117c43', 'd3lbc1fm5', '', 'nick68', 2, 0, 40, '0.00', 0, 1512637269, 0, 6970, ''),
(169, 'user69', '28d8df0f3f3b436403af94afe0a6f509', 'qi08ji5l1q', '', 'nick69', 3, 1, 14, '0.00', 0, 1512637269, 0, 7730, ''),
(170, 'user70', '68c19876f607c07ebf811615b8626e96', '0vcckmgjpy', '', 'nick70', 2, 0, 17, '0.00', 0, 1512637269, 0, 497, ''),
(171, 'user71', 'f1eab8b4df5f6b96458e43fca0fe8d4b', 'rn6vlcvfq', '', 'nick71', 2, 0, 8, '0.00', 0, 1512637269, 0, 3884, ''),
(172, 'user72', 'e6c2adb83f47e1615a4fcc75c23c5ec2', '84iu75xk3o', '', 'nick72', 2, 0, 85, '0.00', 0, 1512637269, 0, 6952, ''),
(173, 'user73', 'c743cd45d9708e58bd773c254d4fd4b4', 'qm9zbmsoo9', '', 'nick73', 2, 1, 66, '0.00', 0, 1512637269, 0, 432, ''),
(174, 'user74', '21dbbbb1a661732919d7a63db85e3bda', 'vzxxrvhqd0', '', 'nick74', 2, 1, 79, '0.00', 0, 1512637269, 0, 4199, ''),
(175, 'user75', 'f2c3849450babef3ef7b5d84b4208a7f', 'rrrq64rrsg', '', 'nick75', 2, 1, 17, '0.00', 0, 1512637269, 0, 1781, ''),
(176, 'user76', '98e64bacc44cc25f02ca454b6fb052f5', '7z84x4e5uc', '', 'nick76', 3, 0, 88, '0.00', 0, 1512637269, 0, 7426, ''),
(177, 'user77', 'aa1c6217a39093ea4aaadd4e9ced46ff', '1bg9uydx89', '', 'nick77', 2, 1, 17, '0.00', 0, 1512637269, 0, 4403, ''),
(178, 'user78', '67319bf5868b554ff51a8e99b3811fd7', 'b8vnyszpro', '', 'nick78', 2, 0, 1, '0.00', 0, 1512637269, 0, 6968, ''),
(179, 'user79', '83d7bb45f327d79aaa8eeafd1590515b', 'ut1q3ctz2', '', 'nick79', 2, 1, 36, '0.00', 0, 1512637269, 0, 971, ''),
(180, 'user80', '65b1d9faf80660dd05d4d7546ba43d43', 'iwe0t3sbsu', '', 'nick80', 2, 1, 56, '0.00', 0, 1512637269, 0, 4476, ''),
(181, 'user81', '30a6738dbc946d8f218052e896cd5502', 'yihu3u23w', '', 'nick81', 3, 1, 91, '0.00', 0, 1512637269, 0, 8947, ''),
(182, 'user82', '7052e475c0b6b11244af22eae12e0936', 'm5mrtrwdc0', '', 'nick82', 2, 1, 30, '0.00', 0, 1512637269, 0, 3128, ''),
(183, 'user83', '7c31755a4a5b8f1bba629d4405835073', '75qiguqqrt', '', 'nick83', 2, 1, 35, '0.00', 0, 1512637269, 0, 6523, ''),
(184, 'user84', '0be437a7e141000007386b5c2e256f97', 'yo62fn4qqo', '', 'nick84', 2, 0, 93, '0.00', 0, 1512637269, 0, 1933, ''),
(185, 'user85', 'eac53bef32733c74921a53509f9fdfe4', 'xo52mmeg2m', '', 'nick85', 2, 0, 24, '0.00', 0, 1512637269, 0, 2807, ''),
(186, 'user86', '2f3cdeea3cd6411833040f6d4cfe6970', 'dsrutim2w', '', 'nick86', 2, 1, 16, '0.00', 0, 1512637269, 0, 4950, ''),
(187, 'user87', '612074c69fb03ea66eb63955dc870d25', '9wd1y06fpp', '', 'nick87', 3, 0, 43, '0.00', 0, 1512637269, 0, 8035, ''),
(188, 'user88', '45fb69212fb985ad12ad0abbfc765909', 'fxwvuyxflm', '', 'nick88', 3, 0, 78, '0.00', 0, 1512637269, 0, 9213, ''),
(189, 'user89', '02a5aaefb0cf710ee670046069e608b5', '1ppjrk8m1d', '', 'nick89', 2, 0, 93, '0.00', 0, 1512637269, 0, 3577, ''),
(190, 'user90', '8ca93330c40d4b98853f27fbc327be57', 'rmxbyqh5yh', '', 'nick90', 3, 1, 63, '0.00', 0, 1512637269, 0, 9510, ''),
(191, 'user91', '4cbc3b6beb01e2f52b2d41585f3470c3', 'fr3x5vx7v', '', 'nick91', 3, 0, 28, '0.00', 0, 1512637269, 0, 9960, ''),
(192, 'user92', 'b597f94f0bdd8bbb664f710cadc0e16a', 'zgjbvf7ib', '', 'nick92', 2, 0, 79, '0.00', 0, 1512637269, 0, 3374, ''),
(193, 'user93', '314dc91980575a5296793e9632c820b3', 'rkmy7zbzn', '', 'nick93', 2, 1, 23, '0.00', 0, 1512637269, 0, 172, ''),
(194, 'user94', '9313b5d93d54c2f5117a7f75ea4b4771', 'mc11xdobo', '', 'nick94', 2, 1, 99, '0.00', 0, 1512637269, 0, 4204, ''),
(195, 'user95', 'dfd5e15025564c684efeb65153aed98a', 'd5f9fvq219', '', 'nick95', 2, 0, 64, '0.00', 0, 1512637269, 0, 4181, ''),
(196, 'user96', '3e43679e3a2ba8e45fb0d87a22dace24', 'z88jfhxjfe', '', 'nick96', 2, 0, 43, '0.00', 0, 1512637269, 0, 3981, ''),
(197, 'user97', 'cc0321e7c63dde65d54ecec60aa5200d', 'y8bpl9wie0', '', 'nick97', 3, 1, 91, '0.00', 0, 1512637269, 0, 9512, ''),
(198, 'user98', '73165be402978794fbe691ec123082b4', '24d55ftrmj', '', 'nick98', 2, 1, 45, '0.00', 0, 1512637269, 0, 5427, ''),
(199, 'user99', '12ed852adc5288411dbaddae3d4dfb63', 'tnnkcpzhq1', '', 'nick99', 2, 1, 97, '0.00', 0, 1512637269, 0, 2982, ''),
(200, 'user100', 'efea82e038174a1eb1d156cc860f0435', 'v90523ezg1', '', 'nick100', 2, 1, 96, '0.00', 0, 1512637269, 0, 5084, '');

-- --------------------------------------------------------

--
-- 表的结构 `ke_users_finance`
--

CREATE TABLE IF NOT EXISTS `ke_users_finance` (
  `id` varchar(32) COLLATE utf8_unicode_ci NOT NULL DEFAULT '',
  `user_id` bigint(20) NOT NULL DEFAULT '0',
  `money` decimal(10,2) NOT NULL DEFAULT '0.00',
  `types` tinyint(2) NOT NULL DEFAULT '0',
  `desc` varchar(255) COLLATE utf8_unicode_ci NOT NULL DEFAULT '' COMMENT '备注',
  `paytype` tinyint(2) NOT NULL DEFAULT '0' COMMENT '充值方式',
  `action_id` int(11) NOT NULL DEFAULT '0' COMMENT '操作ID',
  `create_time` int(11) NOT NULL DEFAULT '0'
) ENGINE=MyISAM DEFAULT CHARSET=utf8 COLLATE=utf8_unicode_ci;

--
-- 转存表中的数据 `ke_users_finance`
--

INSERT INTO `ke_users_finance` (`id`, `user_id`, `money`, `types`, `desc`, `paytype`, `action_id`, `create_time`) VALUES
('LG201712072322333iu6og5a295cb9a4', 1, '20.00', 0, '', 0, 0, 1512660153),
('LG20171207qkvcl35a295cf2d8108271', 1, '1111.00', 0, '', 0, 0, 1512660210),
('LG20171207hgrfd95a295d1d74f18416', 1, '4.00', 0, '', 1, 0, 1512660253),
('LG20171207uo75ff5a295d731e078822', 1, '1.00', 0, '', 0, 1, 1512660338),
('LG201712071hwsww5a295e1519258618', 1, '5.00', 0, '', 0, 1, 1512660500),
('LG20171207e37yyo5a295e427e770212', 1, '445.00', 0, '', 0, 1, 1512660546),
('LG20171207xlwy3e5a295ea526160750', 2, '1.00', 0, '', 0, 1, 1512660644),
('LG20171207s4umi5a295ec8a41008116', 1, '21.00', 0, '', 0, 1, 1512660680),
('LG20171207in1tqr5a295efa26548871', 1, '1.00', 0, '', 0, 1, 1512660729),
('LG20171207y2c2i35a295f3719a28330', 1, '456.00', 0, '', 0, 1, 1512660790),
('LG20171207xt444y5a295fa38b678347', 1, '4.00', 0, '', 0, 1, 1512660899),
('LG20171207s7im165a295fdbe57e0135', 1, '8.00', 0, '', 0, 1, 1512660955),
('LG201712077b01re5a295ffc0f230637', 1, '7.00', 0, '', 0, 1, 1512660987),
('LG20171207xk42si5a29602ba6bf8398', 1, '2.00', 1, '', 0, 1, 1512661035);

-- --------------------------------------------------------

--
-- 表的结构 `ke_users_group`
--

CREATE TABLE IF NOT EXISTS `ke_users_group` (
  `id` int(11) NOT NULL,
  `name` varchar(20) COLLATE utf8_unicode_ci NOT NULL DEFAULT '',
  `integral` int(11) NOT NULL DEFAULT '0' COMMENT '所需积分',
  `create_time` int(11) NOT NULL DEFAULT '0'
) ENGINE=MyISAM AUTO_INCREMENT=4 DEFAULT CHARSET=utf8 COLLATE=utf8_unicode_ci;

--
-- 转存表中的数据 `ke_users_group`
--

INSERT INTO `ke_users_group` (`id`, `name`, `integral`, `create_time`) VALUES
(1, '测试', 3, 0),
(2, 'as', 10, 0),
(3, '至尊VIP', 7000, 1512652856);

--
-- Indexes for dumped tables
--

--
-- Indexes for table `ke_admin`
--
ALTER TABLE `ke_admin`
  ADD PRIMARY KEY (`id`);

--
-- Indexes for table `ke_admin_group`
--
ALTER TABLE `ke_admin_group`
  ADD PRIMARY KEY (`id`);

--
-- Indexes for table `ke_admin_role`
--
ALTER TABLE `ke_admin_role`
  ADD PRIMARY KEY (`id`);

--
-- Indexes for table `ke_admin_rule`
--
ALTER TABLE `ke_admin_rule`
  ADD PRIMARY KEY (`id`);

--
-- Indexes for table `ke_site`
--
ALTER TABLE `ke_site`
  ADD PRIMARY KEY (`id`);

--
-- Indexes for table `ke_users`
--
ALTER TABLE `ke_users`
  ADD PRIMARY KEY (`id`);

--
-- Indexes for table `ke_users_finance`
--
ALTER TABLE `ke_users_finance`
  ADD PRIMARY KEY (`id`);

--
-- Indexes for table `ke_users_group`
--
ALTER TABLE `ke_users_group`
  ADD PRIMARY KEY (`id`);

--
-- AUTO_INCREMENT for dumped tables
--

--
-- AUTO_INCREMENT for table `ke_admin`
--
ALTER TABLE `ke_admin`
  MODIFY `id` int(11) NOT NULL AUTO_INCREMENT,AUTO_INCREMENT=105;
--
-- AUTO_INCREMENT for table `ke_admin_group`
--
ALTER TABLE `ke_admin_group`
  MODIFY `id` int(11) NOT NULL AUTO_INCREMENT,AUTO_INCREMENT=11;
--
-- AUTO_INCREMENT for table `ke_admin_role`
--
ALTER TABLE `ke_admin_role`
  MODIFY `id` int(11) NOT NULL AUTO_INCREMENT,AUTO_INCREMENT=8;
--
-- AUTO_INCREMENT for table `ke_admin_rule`
--
ALTER TABLE `ke_admin_rule`
  MODIFY `id` int(11) NOT NULL AUTO_INCREMENT,AUTO_INCREMENT=10;
--
-- AUTO_INCREMENT for table `ke_site`
--
ALTER TABLE `ke_site`
  MODIFY `id` int(11) NOT NULL AUTO_INCREMENT,AUTO_INCREMENT=2;
--
-- AUTO_INCREMENT for table `ke_users`
--
ALTER TABLE `ke_users`
  MODIFY `id` bigint(20) NOT NULL AUTO_INCREMENT,AUTO_INCREMENT=201;
--
-- AUTO_INCREMENT for table `ke_users_group`
--
ALTER TABLE `ke_users_group`
  MODIFY `id` int(11) NOT NULL AUTO_INCREMENT,AUTO_INCREMENT=4;
/*!40101 SET CHARACTER_SET_CLIENT=@OLD_CHARACTER_SET_CLIENT */;
/*!40101 SET CHARACTER_SET_RESULTS=@OLD_CHARACTER_SET_RESULTS */;
/*!40101 SET COLLATION_CONNECTION=@OLD_COLLATION_CONNECTION */;
